Album ID;Album Name;Release Date;Track Name;Disc Number;Track Number;Artist Names;Popularity;Explicit;Duration;Loudness;Tempo;Key;Mode;Time Signature;Danceability;Energy;Speechiness;Acousticness;Instrumentalness;Liveness;Valence
06mXfvDsRZNfnsGZvX2zpb;Music Of The Spheres;2021-10-15;🪐;1;1;Coldplay;63;No;00:53;-20.192;89.657;F;Major;4/4;0.326;0.322;0.0337;0.887;0.841;0.116;0.0651
06mXfvDsRZNfnsGZvX2zpb;Music Of The Spheres;2021-10-15;Higher Power;1;2;Coldplay;72;No;03:26;-5.931;177.894;A♯/B♭;Major;4/4;0.507;0.832;0.0425;0.00643;1.6e-05;0.229;0.485
06mXfvDsRZNfnsGZvX2zpb;Music Of The Spheres;2021-10-15;Humankind;1;3;Coldplay;70;No;04:26;-6.498;135.006;D;Major;4/4;0.575;0.838;0.0454;0.000172;0.000103;0.458;0.215
06mXfvDsRZNfnsGZvX2zpb;Music Of The Spheres;2021-10-15;✨;1;4;Coldplay;61;No;00:53;-17.24;166.784;F;Minor;4/4;0.0859;0.289;0.0359;0.805;0.99;0.141;0.038
06mXfvDsRZNfnsGZvX2zpb;Music Of The Spheres;2021-10-15;Let Somebody Go;1;5;Coldplay/Selena Gomez;79;No;04:01;-8.93;130.953;C;Major;4/4;0.592;0.342;0.0339;0.193;0.00245;0.11;0.155
06mXfvDsRZNfnsGZvX2zpb;Music Of The Spheres;2021-10-15;❤️;1;6;Coldplay/We Are KING/Jacob Collier;65;No;03:08;-15.431;136.68;E;Major;1/4;0.348;0.0491;0.0404;0.97;0.000186;0.0918;0.232
06mXfvDsRZNfnsGZvX2zpb;Music Of The Spheres;2021-10-15;People of The Pride;1;7;Coldplay;67;Yes;03:37;-6.785;136.362;E;Minor;4/4;0.432;0.613;0.0349;0.00581;0.0151;0.312;0.0911
06mXfvDsRZNfnsGZvX2zpb;Music Of The Spheres;2021-10-15;Biutyful;1;8;Coldplay;67;No;03:12;-7.84;153.937;F;Minor;4/4;0.614;0.68;0.0425;0.0168;0.00056;0.118;0.347
06mXfvDsRZNfnsGZvX2zpb;Music Of The Spheres;2021-10-15;🌎;1;9;Coldplay;15;No;00:21;-20.358;189.885;D♯/E♭;Major;3/4;0.115;0.907;0.223;0.969;0.981;0.98;0.0185
06mXfvDsRZNfnsGZvX2zpb;Music Of The Spheres;2021-10-15;My Universe;1;10;Coldplay/BTS;82;No;03:46;-6.268;105.006;C♯/D♭;Minor;4/4;0.573;0.711;0.0406;0.0114;0.0;0.328;0.47
06mXfvDsRZNfnsGZvX2zpb;Music Of The Spheres;2021-10-15;♾;1;11;Coldplay;63;No;03:46;-8.994;135.01;D;Major;4/4;0.576;0.896;0.0412;0.00941;0.955;0.153;0.412
06mXfvDsRZNfnsGZvX2zpb;Music Of The Spheres;2021-10-15;Coloratura;1;12;Coldplay;62;No;10:17;-10.836;134.055;D;Major;4/4;0.285;0.265;0.0288;0.629;0.179;0.066;0.0699
7z0efuBXAnPfu60aOL3QFV;Everyday Life;2019-11-22;Sunrise;1;1;Coldplay;21;No;02:31;-12.302;78.045;A;Major;4/4;0.146;0.216;0.0399;0.939;0.54;0.0773;0.0341
7z0efuBXAnPfu60aOL3QFV;Everyday Life;2019-11-22;Church;1;2;Coldplay;15;No;03:50;-6.98;123.973;B;Minor;4/4;0.449;0.736;0.0368;0.00865;0.145;0.147;0.133
7z0efuBXAnPfu60aOL3QFV;Everyday Life;2019-11-22;Trouble In Town;1;3;Coldplay;21;Yes;04:38;-11.456;96.018;D;Minor;4/4;0.595;0.315;0.0296;0.427;0.648;0.111;0.336
7z0efuBXAnPfu60aOL3QFV;Everyday Life;2019-11-22;BrokEn;1;4;Coldplay;13;No;02:30;-11.836;130.151;F;Major;4/4;0.55;0.271;0.0495;0.923;0.0;0.147;0.521
7z0efuBXAnPfu60aOL3QFV;Everyday Life;2019-11-22;Daddy;1;5;Coldplay;25;No;04:58;-19.54;116.981;C♯/D♭;Major;4/4;0.633;0.18;0.034;0.931;0.801;0.513;0.2
7z0efuBXAnPfu60aOL3QFV;Everyday Life;2019-11-22;WOTW / POTP;1;6;Coldplay;11;No;01:16;-15.483;133.686;A♯/B♭;Major;4/4;0.692;0.294;0.248;0.935;0.929;0.116;0.802
7z0efuBXAnPfu60aOL3QFV;Everyday Life;2019-11-22;Arabesque;1;7;Coldplay;22;Yes;05:40;-7.727;172.009;G;Major;4/4;0.401;0.834;0.055;0.000114;0.849;0.373;0.163
7z0efuBXAnPfu60aOL3QFV;Everyday Life;2019-11-22;When I Need A Friend;1;8;Coldplay;19;No;02:35;-18.225;64.501;C♯/D♭;Major;4/4;0.141;0.28;0.0618;0.921;0.368;0.135;0.434
7z0efuBXAnPfu60aOL3QFV;Everyday Life;2019-11-22;Guns;2;9;Coldplay;10;Yes;01:55;-8.336;85.25;A♯/B♭;Major;3/4;0.475;0.565;0.0326;0.775;0.188;0.138;0.708
7z0efuBXAnPfu60aOL3QFV;Everyday Life;2019-11-22;Orphans;2;10;Coldplay;26;No;03:17;-5.051;107.973;B;Minor;4/4;0.503;0.808;0.0451;0.0258;0.00149;0.557;0.282
7z0efuBXAnPfu60aOL3QFV;Everyday Life;2019-11-22;Èkó;2;11;Coldplay;12;No;02:37;-13.871;182.995;G;Major;3/4;0.341;0.365;0.0322;0.722;0.00194;0.184;0.0486
7z0efuBXAnPfu60aOL3QFV;Everyday Life;2019-11-22;Cry Cry Cry;2;12;Coldplay;15;No;02:47;-10.458;204.52;G♯/A♭;Major;3/4;0.491;0.262;0.0572;0.89;0.288;0.207;0.338
7z0efuBXAnPfu60aOL3QFV;Everyday Life;2019-11-22;Old Friends;2;13;Coldplay;21;No;02:26;-17.499;134.025;F;Major;5/4;0.476;0.18;0.0346;0.943;0.235;0.138;0.236
7z0efuBXAnPfu60aOL3QFV;Everyday Life;2019-11-22;بنی آدم;2;14;Coldplay;11;No;03:14;-20.428;140.438;G;Major;3/4;0.393;0.301;0.0497;0.758;0.764;0.161;0.0384
7z0efuBXAnPfu60aOL3QFV;Everyday Life;2019-11-22;Champion Of The World;2;15;Coldplay;12;No;04:17;-7.095;108.9;G;Major;4/4;0.503;0.594;0.0263;0.00276;0.0102;0.109;0.168
7z0efuBXAnPfu60aOL3QFV;Everyday Life;2019-11-22;Everyday Life;2;16;Coldplay;25;No;04:18;-8.991;124.103;D;Major;4/4;0.512;0.452;0.0292;0.775;0.0818;0.065;0.235
7z0efuBXAnPfu60aOL3QFV;Everyday Life;2019-11-22;Flags;2;17;Coldplay;12;No;03:36;-7.262;89.876;G;Major;4/4;0.55;0.796;0.0378;0.00107;1.18e-05;0.123;0.51
19CvkGjYpifkdwgVJSbog2;Live in Buenos Aires;2018-12-07;A Head Full of Dreams - Live in Buenos Aires;1;1;Coldplay;53;No;04:59;-6.33;122.756;B;Major;4/4;0.32;0.923;0.136;0.0132;0.00654;0.705;0.255
19CvkGjYpifkdwgVJSbog2;Live in Buenos Aires;2018-12-07;Yellow - Live in Buenos Aires;1;2;Coldplay;55;No;05:50;-5.818;91.033;E;Major;4/4;0.322;0.873;0.0639;0.000343;0.000698;0.362;0.144
19CvkGjYpifkdwgVJSbog2;Live in Buenos Aires;2018-12-07;Every Teardrop Is a Waterfall - Live in Buenos Aires;1;3;Coldplay;53;No;04:04;-5.619;118.005;A;Major;4/4;0.397;0.943;0.0663;0.00406;0.0;0.981;0.325
19CvkGjYpifkdwgVJSbog2;Live in Buenos Aires;2018-12-07;The Scientist - Live in Buenos Aires;1;4;Coldplay;57;No;06:28;-7.314;75.335;F;Major;4/4;0.294;0.652;0.0336;0.105;0.00196;0.378;0.167
19CvkGjYpifkdwgVJSbog2;Live in Buenos Aires;2018-12-07;God Put a Smile upon Your Face - Live in Buenos Aires;1;5;Coldplay;50;Yes;04:34;-4.687;137.917;C♯/D♭;Minor;4/4;0.345;0.967;0.0837;0.000615;0.000117;0.89;0.366
19CvkGjYpifkdwgVJSbog2;Live in Buenos Aires;2018-12-07;Paradise - Live in Buenos Aires;1;6;Coldplay;54;No;06:59;-6.616;138.661;F;Major;4/4;0.189;0.872;0.051;0.00193;0.0187;0.898;0.19
19CvkGjYpifkdwgVJSbog2;Live in Buenos Aires;2018-12-07;Always in My Head - Live in Buenos Aires;1;7;Coldplay;50;No;03:41;-7.872;97.555;F;Major;3/4;0.46;0.771;0.0314;0.00157;0.827;0.975;0.147
19CvkGjYpifkdwgVJSbog2;Live in Buenos Aires;2018-12-07;Magic - Live in Buenos Aires;1;8;Coldplay;51;No;04:45;-6.547;95.544;A;Major;4/4;0.474;0.836;0.0618;0.0162;0.381;0.748;0.479
19CvkGjYpifkdwgVJSbog2;Live in Buenos Aires;2018-12-07;Everglow - Live in Buenos Aires;1;9;Coldplay;51;No;04:55;-8.881;154.04;E;Major;4/4;0.292;0.434;0.033;0.711;0.000205;0.383;0.234
19CvkGjYpifkdwgVJSbog2;Live in Buenos Aires;2018-12-07;Clocks - Live in Buenos Aires;1;10;Coldplay;53;No;04:20;-5.253;130.898;F;Minor;4/4;0.448;0.907;0.0531;0.065;0.0125;0.391;0.23
19CvkGjYpifkdwgVJSbog2;Live in Buenos Aires;2018-12-07;Midnight - Live in Buenos Aires;1;11;Coldplay;49;No;01:45;-9.32;126.99;C♯/D♭;Major;4/4;0.359;0.768;0.0431;0.0428;0.46;0.319;0.119
19CvkGjYpifkdwgVJSbog2;Live in Buenos Aires;2018-12-07;Charlie Brown - Live in Buenos Aires;1;12;Coldplay;52;No;04:44;-6.634;138.03;A♯/B♭;Major;4/4;0.312;0.87;0.0503;0.00181;0.00132;0.345;0.28
19CvkGjYpifkdwgVJSbog2;Live in Buenos Aires;2018-12-07;Hymn for the Weekend - Live in Buenos Aires;1;13;Coldplay;55;No;05:02;-6.997;89.641;C;Minor;4/4;0.17;0.708;0.0417;0.0399;0.00945;0.354;0.251
19CvkGjYpifkdwgVJSbog2;Live in Buenos Aires;2018-12-07;Fix You - Live in Buenos Aires;1;14;Coldplay;63;No;05:27;-7.53;140.351;D♯/E♭;Major;4/4;0.256;0.625;0.0348;0.00534;0.00386;0.179;0.201
19CvkGjYpifkdwgVJSbog2;Live in Buenos Aires;2018-12-07;Viva La Vida - Live in Buenos Aires;1;15;Coldplay;65;No;04:11;-4.655;138.015;F;Minor;4/4;0.428;0.948;0.0934;0.00537;1.29e-06;0.371;0.219
19CvkGjYpifkdwgVJSbog2;Live in Buenos Aires;2018-12-07;Adventure of a Lifetime - Live in Buenos Aires;1;16;Coldplay;53;No;05:06;-5.472;111.98;A;Minor;4/4;0.476;0.952;0.0884;0.00297;0.013;0.777;0.275
19CvkGjYpifkdwgVJSbog2;Live in Buenos Aires;2018-12-07;De Música Ligera - Live in Buenos Aires;1;17;Coldplay;50;No;06:09;-5.813;124.401;F♯/G♭;Major;4/4;0.196;0.937;0.138;0.00262;1.75e-06;0.397;0.0819
19CvkGjYpifkdwgVJSbog2;Live in Buenos Aires;2018-12-07;Colour Spectrum - Live in Buenos Aires;1;18;Coldplay;45;No;01:57;-11.742;85.508;E;Major;4/4;0.253;0.454;0.0362;0.763;0.892;0.378;0.133
19CvkGjYpifkdwgVJSbog2;Live in Buenos Aires;2018-12-07;In My Place - Live in Buenos Aires;1;19;Coldplay;49;No;04:37;-6.956;78.393;A;Major;4/4;0.121;0.699;0.043;0.171;0.00104;0.965;0.326
19CvkGjYpifkdwgVJSbog2;Live in Buenos Aires;2018-12-07;Amor Argentina - Live in Buenos Aires;1;20;Coldplay;45;No;05:16;-8.374;134.173;D♯/E♭;Major;4/4;0.233;0.675;0.0501;0.252;0.0181;0.854;0.317
19CvkGjYpifkdwgVJSbog2;Live in Buenos Aires;2018-12-07;Something Just like This - Live in Buenos Aires;1;21;Coldplay;53;No;04:04;-5.866;102.913;B;Minor;4/4;0.426;0.859;0.0448;0.00072;0.000775;0.456;0.17
19CvkGjYpifkdwgVJSbog2;Live in Buenos Aires;2018-12-07;A Sky Full of Stars - Live in Buenos Aires;1;22;Coldplay;53;No;04:36;-6.596;124.893;F♯/G♭;Major;4/4;0.415;0.808;0.0367;0.00255;0.000606;0.982;0.2
19CvkGjYpifkdwgVJSbog2;Live in Buenos Aires;2018-12-07;Up&Up - Live in Buenos Aires;1;23;Coldplay;48;No;08:45;-5.61;67.092;G;Major;3/4;0.108;0.82;0.075;0.0115;2.41e-05;0.659;0.15
19CvkGjYpifkdwgVJSbog2;Live in Buenos Aires;2018-12-07;End Credits - Live in Buenos Aires;1;24;Coldplay;43;No;02:03;-18.429;74.901;E;Major;4/4;0.156;0.217;0.0451;0.000119;0.929;0.102;0.0936
6K1fjArmQ4SEiSDIG9fY01;Love in Tokyo;2018-12-07;A Head Full of Dreams;1;1;Coldplay;10;No;04:54;-6.967;122.836;B;Major;4/4;0.307;0.92;0.166;0.0948;0.00308;0.4;0.152
6K1fjArmQ4SEiSDIG9fY01;Love in Tokyo;2018-12-07;Yellow - Live;1;2;Coldplay;12;No;04:54;-5.659;90.993;E;Major;4/4;0.299;0.828;0.0461;8.92e-05;0.00295;0.931;0.23
6K1fjArmQ4SEiSDIG9fY01;Love in Tokyo;2018-12-07;The Scientist - Live;1;3;Coldplay;11;No;05:53;-8.391;75.219;F;Major;4/4;0.389;0.634;0.0339;0.0479;0.0116;0.734;0.23
6K1fjArmQ4SEiSDIG9fY01;Love in Tokyo;2018-12-07;Paradise - Live;1;4;Coldplay/Tiësto;8;No;06:51;-6.382;138.909;F;Major;4/4;0.183;0.883;0.0497;0.00537;0.000957;0.756;0.107
6K1fjArmQ4SEiSDIG9fY01;Love in Tokyo;2018-12-07;Everglow - Live;1;5;Coldplay;7;No;04:25;-10.806;78.552;E;Major;4/4;0.409;0.376;0.0325;0.738;4.88e-06;0.84;0.287
6K1fjArmQ4SEiSDIG9fY01;Love in Tokyo;2018-12-07;Midnight / Charlie Brown - Live;1;6;Coldplay;7;No;07:27;-9.07;134.272;D♯/E♭;Major;4/4;0.181;0.75;0.054;0.0136;0.0268;0.173;0.0709
6K1fjArmQ4SEiSDIG9fY01;Love in Tokyo;2018-12-07;Hymn for the Weekend - Live;1;7;Coldplay;8;No;03:42;-6.703;90.034;C;Minor;4/4;0.416;0.769;0.0409;0.00451;0.0192;0.91;0.413
6K1fjArmQ4SEiSDIG9fY01;Love in Tokyo;2018-12-07;Fix You - Live;1;8;Coldplay;11;No;05:52;-9.173;140.11;D♯/E♭;Major;4/4;0.261;0.54;0.0344;0.0133;0.392;0.461;0.0817
6K1fjArmQ4SEiSDIG9fY01;Love in Tokyo;2018-12-07;Viva La Vida - Live;1;9;Coldplay;15;No;04:12;-7.154;137.953;F;Minor;4/4;0.451;0.905;0.0664;0.00199;0.0411;0.196;0.14
6K1fjArmQ4SEiSDIG9fY01;Love in Tokyo;2018-12-07;Adventure of a Lifetime - Live;1;10;Coldplay;8;No;04:51;-6.455;112.031;G;Major;4/4;0.506;0.935;0.0627;0.000602;0.000173;0.938;0.341
6K1fjArmQ4SEiSDIG9fY01;Love in Tokyo;2018-12-07;Us Against the World - Live;1;11;Coldplay;6;No;06:21;-9.919;111.451;C;Major;3/4;0.233;0.52;0.0324;0.4;0.0116;0.955;0.0866
6K1fjArmQ4SEiSDIG9fY01;Love in Tokyo;2018-12-07;Something Just like That - Live;1;12;Coldplay;9;No;04:04;-7.685;102.943;B;Minor;4/4;0.427;0.797;0.0442;0.000804;0.00594;0.424;0.161
6K1fjArmQ4SEiSDIG9fY01;Love in Tokyo;2018-12-07;A Sky Full of Stars - Live;1;13;Coldplay;13;No;04:53;-6.261;125.009;F♯/G♭;Major;4/4;0.375;0.747;0.0378;0.0102;1.39e-05;0.757;0.241
6K1fjArmQ4SEiSDIG9fY01;Love in Tokyo;2018-12-07;Up&Up - Live;1;14;Coldplay;7;No;09:30;-6.74;72.528;G;Major;4/4;0.0973;0.779;0.0757;0.00482;0.0115;0.195;0.117
3cfAM8b8KqJRoIzt3zLKqw;A Head Full of Dreams;2015-12-04;A Head Full of Dreams;1;1;Coldplay;70;No;03:43;-4.982;122.984;B;Major;4/4;0.449;0.92;0.0737;0.0021;0.0167;0.334;0.0772
3cfAM8b8KqJRoIzt3zLKqw;A Head Full of Dreams;2015-12-04;Birds;1;2;Coldplay;64;No;03:49;-5.584;105.009;C;Major;4/4;0.559;0.841;0.0332;0.000315;0.437;0.0816;0.147
3cfAM8b8KqJRoIzt3zLKqw;A Head Full of Dreams;2015-12-04;Hymn for the Weekend;1;3;Coldplay;85;No;04:18;-6.487;90.027;C;Minor;4/4;0.491;0.693;0.0377;0.211;6.92e-06;0.325;0.412
3cfAM8b8KqJRoIzt3zLKqw;A Head Full of Dreams;2015-12-04;Everglow;1;4;Coldplay;69;No;04:42;-9.155;146.107;E;Major;4/4;0.534;0.445;0.0292;0.456;0.0684;0.112;0.136
3cfAM8b8KqJRoIzt3zLKqw;A Head Full of Dreams;2015-12-04;Adventure of a Lifetime;1;5;Coldplay;79;No;04:23;-3.887;111.995;G;Major;4/4;0.638;0.924;0.036;0.00205;0.000175;0.149;0.53
3cfAM8b8KqJRoIzt3zLKqw;A Head Full of Dreams;2015-12-04;Fun (feat. Tove Lo);1;6;Coldplay;58;No;04:27;-5.125;134.021;C;Major;4/4;0.485;0.735;0.0354;0.271;7.49e-06;0.0853;0.216
3cfAM8b8KqJRoIzt3zLKqw;A Head Full of Dreams;2015-12-04;Kaleidoscope;1;7;Coldplay;52;No;01:51;-18.193;127.122;G;Minor;4/4;0.288;0.285;0.0355;0.964;0.897;0.406;0.148
3cfAM8b8KqJRoIzt3zLKqw;A Head Full of Dreams;2015-12-04;Army of One;1;8;Coldplay;58;No;06:16;-6.492;146.048;D♯/E♭;Major;4/4;0.387;0.659;0.0434;0.275;6.44e-05;0.0861;0.287
3cfAM8b8KqJRoIzt3zLKqw;A Head Full of Dreams;2015-12-04;Amazing Day;1;9;Coldplay;59;No;04:31;-5.796;97.041;F;Major;3/4;0.451;0.636;0.0274;0.017;0.435;0.141;0.289
3cfAM8b8KqJRoIzt3zLKqw;A Head Full of Dreams;2015-12-04;Colour Spectrum;1;10;Coldplay;51;No;01:00;-20.349;123.58;B;Major;4/4;0.348;0.166;0.0376;0.852;0.915;0.137;0.0337
3cfAM8b8KqJRoIzt3zLKqw;A Head Full of Dreams;2015-12-04;Up&Up;1;11;Coldplay;70;No;06:45;-5.459;163.989;G;Major;4/4;0.479;0.717;0.0605;0.0488;0.000333;0.102;0.253
5IDGBfcVjwMoGPKOsfyXLN;A Head Full of Dreams Tour Edition;2015-12-04;A Head Full of Dreams;1;1;Coldplay;18;No;03:43;-4.982;122.984;B;Major;4/4;0.449;0.92;0.0737;0.0021;0.0167;0.334;0.0772
5IDGBfcVjwMoGPKOsfyXLN;A Head Full of Dreams Tour Edition;2015-12-04;Birds;1;2;Coldplay;17;No;03:49;-5.584;105.009;C;Major;4/4;0.559;0.841;0.0332;0.000315;0.437;0.0816;0.147
5IDGBfcVjwMoGPKOsfyXLN;A Head Full of Dreams Tour Edition;2015-12-04;Hymn for the Weekend;1;3;Coldplay;27;No;04:18;-6.487;90.027;C;Minor;4/4;0.491;0.693;0.0377;0.211;6.92e-06;0.325;0.412
5IDGBfcVjwMoGPKOsfyXLN;A Head Full of Dreams Tour Edition;2015-12-04;Everglow;1;4;Coldplay;20;No;04:42;-9.155;146.107;E;Major;4/4;0.534;0.445;0.0292;0.456;0.0684;0.112;0.136
5IDGBfcVjwMoGPKOsfyXLN;A Head Full of Dreams Tour Edition;2015-12-04;Adventure of a Lifetime;1;5;Coldplay;24;No;04:23;-3.887;111.995;G;Major;4/4;0.638;0.924;0.036;0.00205;0.000175;0.149;0.53
5IDGBfcVjwMoGPKOsfyXLN;A Head Full of Dreams Tour Edition;2015-12-04;Fun (feat. Tove Lo);1;6;Coldplay;17;No;04:27;-5.125;134.021;C;Major;4/4;0.485;0.735;0.0354;0.271;7.49e-06;0.0853;0.216
5IDGBfcVjwMoGPKOsfyXLN;A Head Full of Dreams Tour Edition;2015-12-04;Kaleidoscope;1;7;Coldplay;12;No;01:51;-18.193;127.122;G;Minor;4/4;0.288;0.285;0.0355;0.964;0.897;0.406;0.148
5IDGBfcVjwMoGPKOsfyXLN;A Head Full of Dreams Tour Edition;2015-12-04;Army of One;1;8;Coldplay;15;No;06:16;-6.492;146.048;D♯/E♭;Major;4/4;0.387;0.659;0.0434;0.275;6.44e-05;0.0861;0.287
5IDGBfcVjwMoGPKOsfyXLN;A Head Full of Dreams Tour Edition;2015-12-04;Amazing Day;1;9;Coldplay;15;No;04:31;-5.796;97.041;F;Major;3/4;0.451;0.636;0.0274;0.017;0.435;0.141;0.289
5IDGBfcVjwMoGPKOsfyXLN;A Head Full of Dreams Tour Edition;2015-12-04;Colour Spectrum;1;10;Coldplay;12;No;01:00;-20.349;123.58;B;Major;4/4;0.348;0.166;0.0376;0.852;0.915;0.137;0.0337
5IDGBfcVjwMoGPKOsfyXLN;A Head Full of Dreams Tour Edition;2015-12-04;Up&Up;1;11;Coldplay;17;No;06:45;-5.459;163.989;G;Major;4/4;0.479;0.717;0.0605;0.0488;0.000333;0.102;0.253
5IDGBfcVjwMoGPKOsfyXLN;A Head Full of Dreams Tour Edition;2015-12-04;Adventure of a Lifetime - Matoma Remix;1;12;Coldplay/Matoma;18;No;04:10;-6.541;112.015;A;Minor;4/4;0.651;0.771;0.0313;0.00381;1.71e-05;0.238;0.456
5IDGBfcVjwMoGPKOsfyXLN;A Head Full of Dreams Tour Edition;2015-12-04;Hymn for the Weekend - Seeb Remix;1;13;Coldplay/Seeb;36;No;03:32;-3.516;102.028;C;Minor;4/4;0.564;0.849;0.0517;0.00868;4.68e-06;0.12;0.427
5IDGBfcVjwMoGPKOsfyXLN;A Head Full of Dreams Tour Edition;2015-12-04;Up&Up - Freedo Remix;1;14;Coldplay/Freedo;15;No;03:30;-5.947;97.986;G;Major;4/4;0.806;0.657;0.0688;0.103;0.00283;0.126;0.289
5IDGBfcVjwMoGPKOsfyXLN;A Head Full of Dreams Tour Edition;2015-12-04;"Magic - Live at the Enmore Theatre, Sydney; 2016 Remaster";1;15;Coldplay;14;No;05:00;-8.945;93.312;A;Major;4/4;0.557;0.542;0.0439;0.235;0.141;0.715;0.301
5IDGBfcVjwMoGPKOsfyXLN;A Head Full of Dreams Tour Edition;2015-12-04;Clocks - Live at the Enmore Theatre, Sydney;1;16;Coldplay;16;No;04:20;-4.613;130.983;F;Minor;4/4;0.493;0.864;0.0399;0.0539;0.19;0.668;0.231
5IDGBfcVjwMoGPKOsfyXLN;A Head Full of Dreams Tour Edition;2015-12-04;Viva La Vida - Live at the Enmore Theatre, Sydney;1;17;Coldplay;17;No;04:11;-4.136;137.986;F;Minor;4/4;0.443;0.942;0.11;0.0139;3.58e-06;0.886;0.309
5IDGBfcVjwMoGPKOsfyXLN;A Head Full of Dreams Tour Edition;2015-12-04;Oceans - Live at the Enmore Theatre, Sydney;1;18;Coldplay;12;No;04:00;-9.223;74.978;B;Major;4/4;0.384;0.414;0.0293;0.837;0.0209;0.147;0.177
5IDGBfcVjwMoGPKOsfyXLN;A Head Full of Dreams Tour Edition;2015-12-04;A Sky Full of Stars - Live at the Enmore Theatre, Sydney;1;19;Coldplay;16;No;05:47;-5.273;124.938;F♯/G♭;Major;4/4;0.236;0.825;0.0578;0.0603;0.000713;0.41;0.189
1hNS0RsxPTFjmKXCgmjSLS;Ghost Stories Live 2014;2014-11-21;Always in My Head - Live at the Royal Albert Hall, London;1;1;Coldplay;45;No;03:57;-8.451;97.497;D;Minor;3/4;0.476;0.698;0.0332;0.0159;0.569;0.994;0.157
1hNS0RsxPTFjmKXCgmjSLS;Ghost Stories Live 2014;2014-11-21;Magic - Live at the Enmore Theatre, Sydney;1;2;Coldplay;54;No;04:52;-11.775;93.361;F♯/G♭;Minor;4/4;0.5;0.502;0.0424;0.18;0.0887;0.729;0.362
1hNS0RsxPTFjmKXCgmjSLS;Ghost Stories Live 2014;2014-11-21;Ink - Live at Le Casino De Paris, Paris;1;3;Coldplay;45;No;04:09;-7.147;112.025;F♯/G♭;Major;4/4;0.584;0.735;0.0395;0.00645;0.433;0.958;0.345
1hNS0RsxPTFjmKXCgmjSLS;Ghost Stories Live 2014;2014-11-21;True Love - Live at the Enmore Theatre, Sydney;1;4;Coldplay;43;No;04:20;-7.939;120.03;B;Major;4/4;0.463;0.758;0.0369;0.00195;0.0332;0.921;0.184
1hNS0RsxPTFjmKXCgmjSLS;Ghost Stories Live 2014;2014-11-21;Midnight - Live at the Royal Albert Hall, London;1;5;Coldplay;44;No;04:48;-10.416;126.987;C♯/D♭;Major;4/4;0.459;0.574;0.0334;0.188;0.705;0.958;0.0874
1hNS0RsxPTFjmKXCgmjSLS;Ghost Stories Live 2014;2014-11-21;Another's Arms - Live at the Beacon Theatre, New York;1;6;Coldplay;42;No;03:55;-8.088;80.008;G♯/A♭;Major;4/4;0.509;0.722;0.0306;0.00231;0.0469;0.981;0.497
1hNS0RsxPTFjmKXCgmjSLS;Ghost Stories Live 2014;2014-11-21;Oceans - Live at E-Werk, Cologne;1;7;Coldplay;41;No;04:28;-11.428;75.201;B;Major;4/4;0.363;0.426;0.0312;0.875;0.177;0.15;0.126
1hNS0RsxPTFjmKXCgmjSLS;Ghost Stories Live 2014;2014-11-21;A Sky Full of Stars - Live at the Royal Albert Hall, London;1;8;Coldplay;60;No;04:38;-7.846;125.013;F♯/G♭;Major;4/4;0.467;0.765;0.0311;0.00416;5.93e-05;0.708;0.186
1hNS0RsxPTFjmKXCgmjSLS;Ghost Stories Live 2014;2014-11-21;O - Live at Royce Hall, Los Angeles;1;9;Coldplay;43;No;05:36;-12.183;135.975;G;Minor;4/4;0.308;0.364;0.0306;0.378;0.946;0.932;0.0688
2G4AUqfwxcV1UdQjm2ouYr;Ghost Stories;2014-05-19;Always in My Head;1;1;Coldplay;67;No;03:36;-9.307;97.546;F;Major;3/4;0.495;0.502;0.0259;0.0127;0.689;0.068;0.0394
2G4AUqfwxcV1UdQjm2ouYr;Ghost Stories;2014-05-19;Magic;1;2;Coldplay;76;No;04:45;-8.917;93.457;F♯/G♭;Minor;4/4;0.738;0.482;0.0402;0.0266;0.621;0.106;0.352
2G4AUqfwxcV1UdQjm2ouYr;Ghost Stories;2014-05-19;Ink;1;3;Coldplay;62;No;03:48;-7.311;112.019;F♯/G♭;Major;4/4;0.688;0.705;0.0323;0.0647;0.124;0.118;0.696
2G4AUqfwxcV1UdQjm2ouYr;Ghost Stories;2014-05-19;True Love;1;4;Coldplay;58;No;04:06;-7.966;119.991;B;Major;4/4;0.482;0.573;0.028;0.00376;0.077;0.123;0.184
2G4AUqfwxcV1UdQjm2ouYr;Ghost Stories;2014-05-19;Midnight;1;5;Coldplay;66;No;04:54;-12.42;126.974;C♯/D♭;Major;4/4;0.548;0.475;0.0355;0.615;0.808;0.0944;0.0349
2G4AUqfwxcV1UdQjm2ouYr;Ghost Stories;2014-05-19;Another's Arms;1;6;Coldplay;56;No;03:54;-9.037;160.023;G♯/A♭;Major;4/4;0.516;0.572;0.0291;0.00715;0.254;0.139;0.351
2G4AUqfwxcV1UdQjm2ouYr;Ghost Stories;2014-05-19;Oceans;1;7;Coldplay;54;No;05:21;-15.783;74.845;B;Major;4/4;0.194;0.132;0.0349;0.919;0.181;0.159;0.04
2G4AUqfwxcV1UdQjm2ouYr;Ghost Stories;2014-05-19;A Sky Full of Stars;1;8;Coldplay;84;No;04:27;-6.474;124.97;F♯/G♭;Major;4/4;0.545;0.675;0.0279;0.00617;0.00197;0.209;0.162
2G4AUqfwxcV1UdQjm2ouYr;Ghost Stories;2014-05-19;O;1;9;Coldplay;64;No;05:23;-14.727;136.998;A♯/B♭;Major;4/4;0.371;0.216;0.0358;0.911;0.826;0.0934;0.0645
2OkEsqGTfu8PWRrNHzfr0m;Live 2012;2012-11-19;Mylo Xyloto - Live;1;1;Coldplay;43;No;00:57;-7.189;177.309;D♯/E♭;Major;3/4;0.0714;0.881;0.182;0.328;0.993;0.583;0.0399
2OkEsqGTfu8PWRrNHzfr0m;Live 2012;2012-11-19;Hurts Like Heaven - Live;1;2;Coldplay;45;Yes;04:16;-6.944;89.992;A♯/B♭;Major;4/4;0.398;0.918;0.0531;0.000429;0.0386;0.944;0.103
2OkEsqGTfu8PWRrNHzfr0m;Live 2012;2012-11-19;In My Place - Live 2012;1;3;Coldplay;49;No;03:55;-7.059;144.785;A;Major;4/4;0.349;0.729;0.0372;0.00033;0.022;0.981;0.233
2OkEsqGTfu8PWRrNHzfr0m;Live 2012;2012-11-19;Major Minus - Live;1;4;Coldplay;42;Yes;03:39;-7.091;113.717;E;Minor;4/4;0.226;0.869;0.0579;0.00159;0.106;0.994;0.358
2OkEsqGTfu8PWRrNHzfr0m;Live 2012;2012-11-19;Yellow - Live;1;5;Coldplay;54;No;06:51;-7.82;93.919;B;Major;4/4;0.253;0.689;0.0447;0.0643;0.00933;0.92;0.0848
2OkEsqGTfu8PWRrNHzfr0m;Live 2012;2012-11-19;God Put a Smile upon Your Face - Live;1;6;Coldplay;44;Yes;05:21;-6.848;138.071;G♯/A♭;Minor;4/4;0.156;0.751;0.0578;0.00979;0.053;0.987;0.0616
2OkEsqGTfu8PWRrNHzfr0m;Live 2012;2012-11-19;Princess of China - Live;1;7;Coldplay;45;No;03:48;-5.786;85.027;A;Minor;4/4;0.391;0.904;0.0889;0.00883;0.11;0.985;0.43
2OkEsqGTfu8PWRrNHzfr0m;Live 2012;2012-11-19;Up in Flames - Live;1;8;Coldplay;41;No;03:17;-8.064;76.023;C;Minor;4/4;0.546;0.53;0.0435;0.201;0.128;0.767;0.479
2OkEsqGTfu8PWRrNHzfr0m;Live 2012;2012-11-19;Viva La Vida - Live;1;9;Coldplay;58;No;04:58;-6.828;137.965;F;Minor;4/4;0.452;0.821;0.0397;0.0123;0.09;0.874;0.338
2OkEsqGTfu8PWRrNHzfr0m;Live 2012;2012-11-19;Charlie Brown - Live;1;10;Coldplay;49;No;05:00;-6.628;137.92;A♯/B♭;Major;4/4;0.35;0.863;0.0623;0.0102;0.0201;0.445;0.138
2OkEsqGTfu8PWRrNHzfr0m;Live 2012;2012-11-19;Paradise - Live;1;11;Coldplay;55;No;05:32;-7.622;139.791;F;Major;4/4;0.332;0.801;0.0522;0.0255;0.082;0.753;0.372
2OkEsqGTfu8PWRrNHzfr0m;Live 2012;2012-11-19;Us Against the World - Live;1;12;Coldplay;43;No;03:52;-8.428;76.873;C;Major;4/4;0.154;0.623;0.0551;0.571;4.12e-05;0.986;0.393
2OkEsqGTfu8PWRrNHzfr0m;Live 2012;2012-11-19;Clocks - Live;1;13;Coldplay;50;No;04:44;-6.386;131.011;F;Minor;4/4;0.451;0.908;0.0625;0.0572;0.418;0.381;0.29
2OkEsqGTfu8PWRrNHzfr0m;Live 2012;2012-11-19;Fix You - Live;1;14;Coldplay;57;No;05:00;-7.62;140.52;D♯/E♭;Major;4/4;0.165;0.551;0.0346;0.00264;0.242;0.477;0.181
2OkEsqGTfu8PWRrNHzfr0m;Live 2012;2012-11-19;Every Teardrop Is a Waterfall - Live;1;15;Coldplay;45;No;05:24;-7.516;118.206;D;Major;4/4;0.25;0.971;0.154;0.0124;0.000145;0.985;0.264
5GykKNn2KjofEoA8SpNnuw;Mylo Xyloto;2011-10-19;Mylo Xyloto;1;1;Coldplay;11;No;00:42;-12.798;100.707;D♯/E♭;Major;1/4;0.151;0.389;0.038;0.437;0.961;0.228;0.223
5GykKNn2KjofEoA8SpNnuw;Mylo Xyloto;2011-10-19;Hurts Like Heaven;1;2;Coldplay;16;No;04:02;-6.187;89.961;A♯/B♭;Major;4/4;0.418;0.773;0.0305;0.01;0.00418;0.269;0.273
5GykKNn2KjofEoA8SpNnuw;Mylo Xyloto;2011-10-19;Paradise;1;3;Coldplay;40;No;04:38;-6.761;139.631;F;Major;4/4;0.449;0.585;0.0268;0.0509;8.75e-05;0.0833;0.212
5GykKNn2KjofEoA8SpNnuw;Mylo Xyloto;2011-10-19;Charlie Brown;1;4;Coldplay;29;No;04:45;-7.072;137.978;A♯/B♭;Major;4/4;0.43;0.74;0.0375;0.0212;0.00165;0.33;0.0948
5GykKNn2KjofEoA8SpNnuw;Mylo Xyloto;2011-10-19;Us Against the World;1;5;Coldplay;17;No;03:59;-11.096;112.371;C;Major;3/4;0.507;0.304;0.0278;0.845;1.03e-05;0.0741;0.195
5GykKNn2KjofEoA8SpNnuw;Mylo Xyloto;2011-10-19;M.M.I.X.;1;6;Coldplay;9;No;00:48;-29.286;126.857;D;Major;3/4;0.174;0.0613;0.0538;0.939;0.867;0.095;0.154
5GykKNn2KjofEoA8SpNnuw;Mylo Xyloto;2011-10-19;Every Teardrop Is a Waterfall;1;7;Coldplay;34;No;04:00;-6.883;117.98;A;Major;4/4;0.425;0.732;0.0396;0.00194;0.0103;0.171;0.333
5GykKNn2KjofEoA8SpNnuw;Mylo Xyloto;2011-10-19;Major Minus;1;8;Coldplay;11;No;03:30;-5.232;115.416;E;Minor;4/4;0.445;0.669;0.0325;0.000236;0.796;0.606;0.398
5GykKNn2KjofEoA8SpNnuw;Mylo Xyloto;2011-10-19;U.F.O.;1;9;Coldplay;10;No;02:17;-11.791;83.697;G;Major;3/4;0.216;0.395;0.0361;0.731;0.0167;0.338;0.206
5GykKNn2KjofEoA8SpNnuw;Mylo Xyloto;2011-10-19;Princess of China;1;10;Coldplay/Rihanna;27;No;03:59;-6.221;85.014;A;Minor;4/4;0.42;0.69;0.0347;0.00385;0.015;0.287;0.237
5GykKNn2KjofEoA8SpNnuw;Mylo Xyloto;2011-10-19;Up in Flames;1;11;Coldplay;10;No;03:13;-11.051;76.006;A♯/B♭;Major;4/4;0.641;0.244;0.0301;0.235;0.0337;0.104;0.337
5GykKNn2KjofEoA8SpNnuw;Mylo Xyloto;2011-10-19;A Hopeful Transmission;1;12;Coldplay;8;No;00:33;-20.424;116.949;B;Major;4/4;0.441;0.26;0.0352;0.103;0.878;0.816;0.574
5GykKNn2KjofEoA8SpNnuw;Mylo Xyloto;2011-10-19;Don't Let It Break Your Heart;1;13;Coldplay;12;No;03:54;-7.903;140.047;G♯/A♭;Minor;4/4;0.41;0.751;0.0465;0.000561;0.0571;0.169;0.151
5GykKNn2KjofEoA8SpNnuw;Mylo Xyloto;2011-10-19;Up with the Birds;1;14;Coldplay;9;No;03:45;-7.876;120.039;D;Major;4/4;0.365;0.483;0.035;0.714;0.00463;0.363;0.107
5GykKNn2KjofEoA8SpNnuw;Mylo Xyloto;2011-10-19;Charlie Brown - Live from Glastonbury, 2011;1;15;Coldplay;7;No;04:48;-6.786;137.953;A♯/B♭;Major;4/4;0.409;0.806;0.0412;0.0121;0.0784;0.973;0.277
5GykKNn2KjofEoA8SpNnuw;Mylo Xyloto;2011-10-19;Life Is for Living - Live from Glastonbury, 2011;1;16;Coldplay;6;No;02:29;-6.955;79.98;A♯/B♭;Major;4/4;0.245;0.518;0.0317;0.0148;0.00449;0.743;0.295
5GykKNn2KjofEoA8SpNnuw;Mylo Xyloto;2011-10-19;Every Teardrop Is a Waterfall - Live from Glastonbury, 2011;1;17;Coldplay;8;No;04:38;-5.609;118.053;D;Major;4/4;0.311;0.861;0.0645;0.00724;0.0061;0.877;0.2
3pboBm7GTa6V5dFXXCt52b;LeftRightLeftRightLeft (Live);2009-05-15;Glass of Water - Live in Sydney, 2009;1;1;Coldplay;36;No;04:44;-7.686;155.21;D;Major;4/4;0.151;0.713;0.0354;0.0799;0.0256;0.968;0.128
3pboBm7GTa6V5dFXXCt52b;LeftRightLeftRightLeft (Live);2009-05-15;42 - Live in Madrid, 2008;1;2;Coldplay;35;No;04:52;-7.881;141.594;C♯/D♭;Major;4/4;0.26;0.722;0.0378;0.0256;0.000345;0.977;0.107
3pboBm7GTa6V5dFXXCt52b;LeftRightLeftRightLeft (Live);2009-05-15;Clocks - Live in Madrid, 2008;1;3;Coldplay;41;No;04:40;-6.832;130.981;F;Minor;4/4;0.471;0.867;0.0409;0.285;0.616;0.943;0.4
3pboBm7GTa6V5dFXXCt52b;LeftRightLeftRightLeft (Live);2009-05-15;Strawberry Swing - Live in Madrid, 2008;1;4;Coldplay;37;No;04:16;-7.115;85.136;G♯/A♭;Major;4/4;0.207;0.78;0.0492;0.00844;0.134;0.985;0.231
3pboBm7GTa6V5dFXXCt52b;LeftRightLeftRightLeft (Live);2009-05-15;The Hardest Part / Postcards from Far Away - Live in Sydney, 2009;1;5;Coldplay;38;No;04:15;-8.794;89.737;A♯/B♭;Major;4/4;0.246;0.358;0.0311;0.874;7.9e-05;0.602;0.157
3pboBm7GTa6V5dFXXCt52b;LeftRightLeftRightLeft (Live);2009-05-15;Viva La Vida - Live in Paris, 2008;1;6;Coldplay;42;No;05:24;-5.978;138.005;F;Minor;4/4;0.174;0.942;0.14;0.0349;0.0395;0.794;0.186
3pboBm7GTa6V5dFXXCt52b;LeftRightLeftRightLeft (Live);2009-05-15;Death Will Never Conquer - Live in Sydney, 2009;1;7;Coldplay;35;No;01:39;-7.596;140.527;D;Major;3/4;0.309;0.926;0.168;0.639;0.133;0.966;0.559
3pboBm7GTa6V5dFXXCt52b;LeftRightLeftRightLeft (Live);2009-05-15;Fix You - Live in Sydney, 2009;1;8;Coldplay;41;No;05:38;-8.815;137.847;D♯/E♭;Major;4/4;0.157;0.563;0.0402;0.0153;0.192;0.98;0.185
3pboBm7GTa6V5dFXXCt52b;LeftRightLeftRightLeft (Live);2009-05-15;Death and All His Friends - Live in Madrid, 2008;1;9;Coldplay;36;No;04:24;-8.321;128.673;D♯/E♭;Major;1/4;0.235;0.672;0.0628;0.163;0.168;0.901;0.261
1MnAljVs4hcGU6pTcK2jdT;Viva La Vida (Prospekt's March Edition);2008-11-24;Life in Technicolor;1;1;Coldplay;22;No;02:29;-10.482;131.056;A;Major;4/4;0.288;0.662;0.0347;0.0102;0.944;0.498;0.254
1MnAljVs4hcGU6pTcK2jdT;Viva La Vida (Prospekt's March Edition);2008-11-24;Cemeteries of London;1;2;Coldplay;20;No;03:21;-7.693;109.109;A♯/B♭;Minor;3/4;0.437;0.806;0.0353;0.0054;0.00822;0.1;0.271
1MnAljVs4hcGU6pTcK2jdT;Viva La Vida (Prospekt's March Edition);2008-11-24;Lost!;1;3;Coldplay;21;No;03:56;-7.52;86.951;G;Major;4/4;0.359;0.779;0.0412;0.0057;0.837;0.379;0.582
1MnAljVs4hcGU6pTcK2jdT;Viva La Vida (Prospekt's March Edition);2008-11-24;42;1;4;Coldplay;19;No;03:57;-7.202;141.382;F;Minor;4/4;0.309;0.636;0.0344;0.221;0.00281;0.102;0.177
1MnAljVs4hcGU6pTcK2jdT;Viva La Vida (Prospekt's March Edition);2008-11-24;Lovers in Japan;1;5;Coldplay;23;No;06:51;-7.599;118.217;G;Major;4/4;0.202;0.733;0.0446;0.0427;0.696;0.243;0.0728
1MnAljVs4hcGU6pTcK2jdT;Viva La Vida (Prospekt's March Edition);2008-11-24;Yes;1;6;Coldplay;18;No;07:06;-6.277;161.577;F♯/G♭;Major;4/4;0.162;0.807;0.0538;0.00884;0.358;0.187;0.227
1MnAljVs4hcGU6pTcK2jdT;Viva La Vida (Prospekt's March Edition);2008-11-24;Viva La Vida;1;7;Coldplay;34;No;04:02;-7.115;138.015;F;Minor;4/4;0.486;0.617;0.0287;0.0954;3.23e-06;0.109;0.417
1MnAljVs4hcGU6pTcK2jdT;Viva La Vida (Prospekt's March Edition);2008-11-24;Violet Hill;1;8;Coldplay;24;No;03:42;-7.875;76.093;C♯/D♭;Minor;4/4;0.33;0.58;0.0374;0.0614;0.00129;0.115;0.11
1MnAljVs4hcGU6pTcK2jdT;Viva La Vida (Prospekt's March Edition);2008-11-24;Strawberry Swing;1;9;Coldplay;24;No;04:09;-10.476;173.136;C♯/D♭;Major;4/4;0.378;0.663;0.0458;0.00722;0.797;0.191;0.428
1MnAljVs4hcGU6pTcK2jdT;Viva La Vida (Prospekt's March Edition);2008-11-24;Death and All His Friends;1;10;Coldplay;21;No;06:18;-10.61;129.93;G♯/A♭;Major;4/4;0.218;0.296;0.0312;0.695;0.727;0.164;0.0792
1MnAljVs4hcGU6pTcK2jdT;Viva La Vida (Prospekt's March Edition);2008-11-24;Life in Technicolor ii;2;11;Coldplay;34;No;04:05;-7.073;131.051;A;Major;4/4;0.472;0.909;0.0391;0.00158;5.16e-05;0.248;0.278
1MnAljVs4hcGU6pTcK2jdT;Viva La Vida (Prospekt's March Edition);2008-11-24;Postcards from Far Away;2;12;Coldplay;22;No;00:48;-19.387;126.704;A♯/B♭;Major;4/4;0.46;0.164;0.048;0.99;0.953;0.146;0.189
1MnAljVs4hcGU6pTcK2jdT;Viva La Vida (Prospekt's March Edition);2008-11-24;Glass of Water;2;13;Coldplay;22;No;04:44;-8.299;157.167;D;Major;4/4;0.152;0.695;0.0318;0.000433;0.0618;0.334;0.237
1MnAljVs4hcGU6pTcK2jdT;Viva La Vida (Prospekt's March Edition);2008-11-24;Rainy Day;2;14;Coldplay;18;No;03:26;-6.964;137.994;G♯/A♭;Major;4/4;0.375;0.677;0.0292;0.0765;0.00271;0.126;0.652
1MnAljVs4hcGU6pTcK2jdT;Viva La Vida (Prospekt's March Edition);2008-11-24;Prospekt's March / Poppyfields;2;15;Coldplay;20;No;03:39;-11.992;146.4;D;Major;4/4;0.285;0.279;0.0292;0.401;0.00428;0.193;0.0942
1MnAljVs4hcGU6pTcK2jdT;Viva La Vida (Prospekt's March Edition);2008-11-24;Lost+ (with Jay-Z);2;16;Coldplay;24;Yes;04:16;-7.025;175.251;G;Major;4/4;0.257;0.805;0.0559;0.0081;0.494;0.357;0.39
1MnAljVs4hcGU6pTcK2jdT;Viva La Vida (Prospekt's March Edition);2008-11-24;Lovers in Japan - Osaka Sun Mix;2;17;Coldplay;22;No;03:58;-6.035;111.982;G;Major;4/4;0.402;0.941;0.075;0.00263;0.394;0.298;0.319
1MnAljVs4hcGU6pTcK2jdT;Viva La Vida (Prospekt's March Edition);2008-11-24;Now My Feet Won't Touch the Ground;2;18;Coldplay;21;No;02:27;-13.797;123.502;C;Major;4/4;0.494;0.255;0.0305;0.817;0.853;0.0819;0.13
2Pf1AQbhW6mOIv6fsX6SAb;Viva La Vida or Death and All His Friends;2008-05-26;Life in Technicolor;1;1;Coldplay;17;No;02:29;-10.482;131.056;A;Major;4/4;0.288;0.662;0.0347;0.0102;0.944;0.498;0.254
2Pf1AQbhW6mOIv6fsX6SAb;Viva La Vida or Death and All His Friends;2008-05-26;Cemeteries of London;1;2;Coldplay;14;No;03:21;-7.693;109.109;A♯/B♭;Minor;3/4;0.437;0.806;0.0353;0.0054;0.00822;0.1;0.271
2Pf1AQbhW6mOIv6fsX6SAb;Viva La Vida or Death and All His Friends;2008-05-26;Lost!;1;3;Coldplay;17;No;03:56;-7.52;86.951;G;Major;4/4;0.359;0.779;0.0412;0.0057;0.837;0.379;0.582
2Pf1AQbhW6mOIv6fsX6SAb;Viva La Vida or Death and All His Friends;2008-05-26;42;1;4;Coldplay;14;No;03:57;-7.202;141.382;F;Minor;4/4;0.309;0.636;0.0344;0.221;0.00281;0.102;0.177
2Pf1AQbhW6mOIv6fsX6SAb;Viva La Vida or Death and All His Friends;2008-05-26;Lovers in Japan;1;5;Coldplay;18;No;06:51;-7.599;118.217;G;Major;4/4;0.202;0.733;0.0446;0.0427;0.696;0.243;0.0728
2Pf1AQbhW6mOIv6fsX6SAb;Viva La Vida or Death and All His Friends;2008-05-26;Yes;1;6;Coldplay;12;No;07:06;-6.277;161.577;F♯/G♭;Major;4/4;0.162;0.807;0.0538;0.00884;0.358;0.187;0.227
2Pf1AQbhW6mOIv6fsX6SAb;Viva La Vida or Death and All His Friends;2008-05-26;Viva La Vida;1;7;Coldplay;31;No;04:02;-7.115;138.015;F;Minor;4/4;0.486;0.617;0.0287;0.0954;3.23e-06;0.109;0.417
2Pf1AQbhW6mOIv6fsX6SAb;Viva La Vida or Death and All His Friends;2008-05-26;Violet Hill;1;8;Coldplay;18;No;03:42;-7.875;76.093;C♯/D♭;Minor;4/4;0.33;0.58;0.0374;0.0614;0.00129;0.115;0.11
2Pf1AQbhW6mOIv6fsX6SAb;Viva La Vida or Death and All His Friends;2008-05-26;Strawberry Swing;1;9;Coldplay;20;No;04:09;-10.476;173.136;C♯/D♭;Major;4/4;0.378;0.663;0.0458;0.00722;0.797;0.191;0.428
2Pf1AQbhW6mOIv6fsX6SAb;Viva La Vida or Death and All His Friends;2008-05-26;Death and All His Friends;1;10;Coldplay;15;No;06:18;-10.61;129.93;G♯/A♭;Major;4/4;0.218;0.296;0.0312;0.695;0.727;0.164;0.0792
2Pf1AQbhW6mOIv6fsX6SAb;Viva La Vida or Death and All His Friends;2008-05-26;Lost?;1;11;Coldplay;19;No;03:42;-12.016;80.549;G;Major;4/4;0.492;0.311;0.0258;0.95;0.00139;0.105;0.245
4E7bV0pzG0LciBSWTszra6;X&Y;2005-06-07;Square One;1;1;Coldplay;54;No;04:47;-6.884;124.169;C;Minor;4/4;0.451;0.679;0.0319;0.00674;0.00136;0.164;0.0602
4E7bV0pzG0LciBSWTszra6;X&Y;2005-06-07;What If;1;2;Coldplay;59;No;04:58;-6.707;136.779;F♯/G♭;Minor;4/4;0.304;0.502;0.035;0.313;0.0011;0.138;0.204
4E7bV0pzG0LciBSWTszra6;X&Y;2005-06-07;White Shadows;1;3;Coldplay;54;No;05:28;-8.997;127.437;G♯/A♭;Minor;4/4;0.491;0.783;0.0484;0.00521;0.0361;0.0951;0.26
4E7bV0pzG0LciBSWTszra6;X&Y;2005-06-07;Fix You;1;4;Coldplay;84;No;04:55;-8.74;138.178;D♯/E♭;Major;4/4;0.209;0.417;0.0338;0.164;0.00196;0.113;0.124
4E7bV0pzG0LciBSWTszra6;X&Y;2005-06-07;Talk;1;5;Coldplay;65;No;05:11;-10.839;120.318;G;Minor;4/4;0.415;0.554;0.0334;0.00541;0.00202;0.155;0.163
4E7bV0pzG0LciBSWTszra6;X&Y;2005-06-07;X&Y;1;6;Coldplay;57;No;04:34;-6.813;153.24;F♯/G♭;Minor;4/4;0.225;0.561;0.0352;0.563;0.00987;0.366;0.0818
4E7bV0pzG0LciBSWTszra6;X&Y;2005-06-07;Speed of Sound;1;7;Coldplay;73;No;04:47;-6.765;123.067;B;Minor;4/4;0.514;0.898;0.0577;0.00488;0.0345;0.0746;0.353
4E7bV0pzG0LciBSWTszra6;X&Y;2005-06-07;A Message;1;8;Coldplay;65;No;04:45;-9.488;116.916;C♯/D♭;Major;4/4;0.566;0.459;0.0289;0.327;0.000253;0.202;0.151
4E7bV0pzG0LciBSWTszra6;X&Y;2005-06-07;Low;1;9;Coldplay;53;No;05:32;-8.962;132.086;E;Minor;4/4;0.466;0.882;0.0442;0.0224;0.0264;0.342;0.502
4E7bV0pzG0LciBSWTszra6;X&Y;2005-06-07;The Hardest Part;1;10;Coldplay;64;No;04:22;-5.883;123.721;A♯/B♭;Major;4/4;0.5;0.844;0.0368;0.0228;0.00398;0.455;0.445
4E7bV0pzG0LciBSWTszra6;X&Y;2005-06-07;Swallowed in the Sea;1;11;Coldplay;56;No;03:59;-10.823;142.1;B;Major;4/4;0.265;0.378;0.0316;0.0557;1.29e-06;0.119;0.153
4E7bV0pzG0LciBSWTszra6;X&Y;2005-06-07;Twisted Logic;1;12;Coldplay;49;No;04:31;-6.895;160.359;G♯/A♭;Major;3/4;0.194;0.464;0.0322;0.0267;0.0736;0.314;0.053
4E7bV0pzG0LciBSWTszra6;X&Y;2005-06-07;Til Kingdom Come;1;13;Coldplay;62;No;04:10;-9.593;115.068;C;Major;4/4;0.607;0.395;0.0287;0.61;0.00768;0.33;0.274
3JMOZD2qixTTLRW9I6JuF4;Live 2003;2003-11-01;Politik - Live in Sydney;1;1;Coldplay;41;No;06:36;-6.741;170.961;F;Minor;3/4;0.159;0.585;0.0333;0.242;0.254;0.965;0.0606
3JMOZD2qixTTLRW9I6JuF4;Live 2003;2003-11-01;God Put a Smile upon Your Face - Live in Sydney;1;2;Coldplay;39;No;04:56;-7.211;126.452;C♯/D♭;Minor;4/4;0.461;0.662;0.0326;0.0333;0.00175;0.981;0.183
3JMOZD2qixTTLRW9I6JuF4;Live 2003;2003-11-01;A Rush of Blood to the Head - Live in Sydney;1;3;Coldplay;40;No;06:50;-8.018;137.834;F;Major;4/4;0.213;0.526;0.0319;0.227;0.00218;0.36;0.0621
3JMOZD2qixTTLRW9I6JuF4;Live 2003;2003-11-01;One I Love - Live in Sydney;1;4;Coldplay;37;No;05:08;-6.508;133.914;D;Major;4/4;0.401;0.883;0.0459;0.0168;0.0318;0.831;0.291
3JMOZD2qixTTLRW9I6JuF4;Live 2003;2003-11-01;See You Soon - Live in Sydney;1;5;Coldplay;41;No;03:29;-13.219;77.392;E;Major;4/4;0.351;0.343;0.0369;0.95;0.000258;0.936;0.131
3JMOZD2qixTTLRW9I6JuF4;Live 2003;2003-11-01;Shiver - Live in Sydney;1;6;Coldplay;38;No;05:25;-6.532;115.075;E;Major;3/4;0.255;0.686;0.0399;0.0296;1.08e-05;0.948;0.137
3JMOZD2qixTTLRW9I6JuF4;Live 2003;2003-11-01;Everything's Not Lost - Live in Sydney;1;7;Coldplay;38;No;08:47;-9.012;135.875;A;Major;4/4;0.282;0.424;0.0279;0.65;0.107;0.987;0.0505
3JMOZD2qixTTLRW9I6JuF4;Live 2003;2003-11-01;Moses - Live in Sydney;1;8;Coldplay;41;No;05:29;-7.471;128.958;E;Major;4/4;0.461;0.619;0.0284;0.45;0.272;0.923;0.164
3JMOZD2qixTTLRW9I6JuF4;Live 2003;2003-11-01;Yellow - Live in Sydney;1;9;Coldplay;43;No;05:36;-7.48;171.366;B;Major;4/4;0.265;0.674;0.0324;0.0458;0.000141;0.724;0.187
3JMOZD2qixTTLRW9I6JuF4;Live 2003;2003-11-01;Clocks - Live in Sydney;1;10;Coldplay;41;No;05:32;-6.857;130.794;F;Minor;4/4;0.493;0.727;0.0324;0.608;0.0206;0.376;0.114
3JMOZD2qixTTLRW9I6JuF4;Live 2003;2003-11-01;In My Place - Live in Sydney;1;11;Coldplay;39;No;04:13;-7.075;143.656;A;Major;4/4;0.202;0.673;0.036;0.00772;0.000232;0.926;0.136
3JMOZD2qixTTLRW9I6JuF4;Live 2003;2003-11-01;Amsterdam - Live in Sydney;1;12;Coldplay;38;No;05:20;-10.728;77.121;D♯/E♭;Major;3/4;0.304;0.234;0.0286;0.724;9.23e-05;0.929;0.0725
0RHX9XECH8IVI3LNgWDpmQ;A Rush of Blood to the Head;2002-08-08;Politik;1;1;Coldplay;67;No;05:18;-7.75;170.968;F;Minor;4/4;0.262;0.482;0.0294;0.0364;0.000189;0.11;0.063
0RHX9XECH8IVI3LNgWDpmQ;A Rush of Blood to the Head;2002-08-08;In My Place;1;2;Coldplay;75;No;03:46;-5.455;144.636;A;Major;4/4;0.424;0.588;0.0278;0.0553;4.95e-06;0.298;0.193
0RHX9XECH8IVI3LNgWDpmQ;A Rush of Blood to the Head;2002-08-08;God Put a Smile upon Your Face;1;3;Coldplay;68;No;04:57;-5.761;126.532;A;Major;4/4;0.611;0.556;0.0288;0.175;7.14e-05;0.0359;0.252
0RHX9XECH8IVI3LNgWDpmQ;A Rush of Blood to the Head;2002-08-08;The Scientist;1;4;Coldplay;86;No;05:09;-7.224;146.277;F;Major;4/4;0.557;0.442;0.0243;0.731;1.46e-05;0.11;0.213
0RHX9XECH8IVI3LNgWDpmQ;A Rush of Blood to the Head;2002-08-08;Clocks;1;5;Coldplay;83;No;05:07;-7.215;130.97;F;Minor;4/4;0.577;0.749;0.0279;0.599;0.0115;0.183;0.255
0RHX9XECH8IVI3LNgWDpmQ;A Rush of Blood to the Head;2002-08-08;Daylight;1;6;Coldplay;56;No;05:27;-6.117;132.787;B;Major;4/4;0.453;0.571;0.0314;0.00976;0.518;0.0846;0.189
0RHX9XECH8IVI3LNgWDpmQ;A Rush of Blood to the Head;2002-08-08;Green Eyes;1;7;Coldplay;66;No;03:43;-8.607;129.543;A;Major;4/4;0.607;0.405;0.0265;0.539;6.7e-06;0.231;0.233
0RHX9XECH8IVI3LNgWDpmQ;A Rush of Blood to the Head;2002-08-08;Warning Sign;1;8;Coldplay;64;No;05:31;-9.423;140.666;D♯/E♭;Major;4/4;0.532;0.433;0.0278;0.0942;0.0121;0.142;0.0395
0RHX9XECH8IVI3LNgWDpmQ;A Rush of Blood to the Head;2002-08-08;A Whisper;1;9;Coldplay;64;No;03:58;-5.66;177.004;C;Major;3/4;0.277;0.797;0.0385;0.586;0.341;0.221;0.26
0RHX9XECH8IVI3LNgWDpmQ;A Rush of Blood to the Head;2002-08-08;A Rush of Blood to the Head;1;10;Coldplay;61;No;05:51;-8.018;138.39;F;Major;4/4;0.525;0.472;0.0255;0.156;4.39e-06;0.29;0.116
0RHX9XECH8IVI3LNgWDpmQ;A Rush of Blood to the Head;2002-08-08;Amsterdam;1;11;Coldplay;58;No;05:19;-10.463;78.861;D♯/E♭;Major;4/4;0.269;0.176;0.0296;0.836;0.0343;0.122;0.105
6ZG5lRT77aJ3btmArcykra;Parachutes;2000-07-10;Don't Panic;1;1;Coldplay;70;No;02:16;-8.409;122.062;C;Major;4/4;0.602;0.612;0.0335;0.206;0.00607;0.107;0.453
6ZG5lRT77aJ3btmArcykra;Parachutes;2000-07-10;Shiver;1;2;Coldplay;69;No;05:04;-6.186;116.705;E;Major;3/4;0.396;0.803;0.0487;0.0334;0.0;0.0688;0.286
6ZG5lRT77aJ3btmArcykra;Parachutes;2000-07-10;Spies;1;3;Coldplay;61;No;05:18;-5.524;147.599;C♯/D♭;Minor;4/4;0.309;0.673;0.0319;0.0236;0.000144;0.0635;0.0732
6ZG5lRT77aJ3btmArcykra;Parachutes;2000-07-10;Sparks;1;4;Coldplay;87;No;03:47;-10.506;102.617;C♯/D♭;Major;3/4;0.371;0.268;0.0281;0.748;0.0517;0.104;0.165
6ZG5lRT77aJ3btmArcykra;Parachutes;2000-07-10;Yellow;1;5;Coldplay;90;No;04:26;-7.227;173.372;B;Major;4/4;0.429;0.661;0.0281;0.00239;0.000121;0.234;0.285
6ZG5lRT77aJ3btmArcykra;Parachutes;2000-07-10;Trouble;1;6;Coldplay;74;No;04:33;-7.496;139.757;B;Minor;4/4;0.565;0.546;0.0314;0.189;0.0015;0.17;0.195
6ZG5lRT77aJ3btmArcykra;Parachutes;2000-07-10;Parachutes;1;7;Coldplay;62;No;00:46;-18.348;137.001;E;Major;4/4;0.555;0.0845;0.0518;0.871;2.27e-06;0.138;0.375
6ZG5lRT77aJ3btmArcykra;Parachutes;2000-07-10;High Speed;1;8;Coldplay;65;No;04:16;-9.342;154.466;G;Minor;4/4;0.495;0.525;0.0301;0.396;0.00736;0.0961;0.249
6ZG5lRT77aJ3btmArcykra;Parachutes;2000-07-10;We Never Change;1;9;Coldplay;64;No;04:09;-10.801;136.939;F♯/G♭;Minor;3/4;0.433;0.288;0.0296;0.535;0.000169;0.105;0.131
6ZG5lRT77aJ3btmArcykra;Parachutes;2000-07-10;Everything's Not Lost - Includes Hidden Track 'Life Is For Living';1;10;Coldplay;59;No;07:16;-7.35;135.643;F♯/G♭;Minor;4/4;0.374;0.456;0.0368;0.104;0.000176;0.197;0.0763
574iaZA34RiT9rM1F2s2IM;Biutyful;2022-07-06;Biutyful;1;1;Coldplay;70;No;03:12;-7.84;153.937;F;Minor;4/4;0.614;0.68;0.0425;0.0168;0.00056;0.118;0.347
7lbSZjlBsWuXtR3WqsdOSN;Let Somebody Go (Ofenbach Remix);2022-04-15;Let Somebody Go - Ofenbach Remix;1;1;Coldplay/Selena Gomez/Ofenbach;52;No;03:14;-7.574;126.128;C;Major;4/4;0.614;0.68;0.0757;0.145;0.00023;0.145;0.233
1mbwiDXEr8l6mK7o76dqyu;Let Somebody Go (Piano Version);2022-03-18;Let Somebody Go - Piano Version;1;1;Coldplay/Selena Gomez;52;No;04:09;-9.977;129.07;C;Major;4/4;0.465;0.238;0.0349;0.811;6.1e-05;0.158;0.306
1mbwiDXEr8l6mK7o76dqyu;Let Somebody Go (Piano Version);2022-03-18;Let Somebody Go - Kygo Remix;1;2;Coldplay/Selena Gomez/Kygo;39;No;03:17;-7.313;162.09;C;Major;4/4;0.552;0.721;0.0323;0.163;0.000183;0.0808;0.325
1mbwiDXEr8l6mK7o76dqyu;Let Somebody Go (Piano Version);2022-03-18;Let Somebody Go - Single Version;1;3;Coldplay/Selena Gomez;39;No;03:32;-9.091;134.974;C;Major;4/4;0.639;0.401;0.0341;0.204;0.0138;0.11;0.24
1mbwiDXEr8l6mK7o76dqyu;Let Somebody Go (Piano Version);2022-03-18;Let Somebody Go;1;4;Coldplay/Selena Gomez;40;No;04:01;-8.93;130.953;C;Major;4/4;0.592;0.342;0.0339;0.193;0.00245;0.11;0.155
7EZAIhKzfjXbAsL0hrQjGF;Let Somebody Go (Kygo Remix);2022-03-11;Let Somebody Go - Kygo Remix;1;1;Coldplay/Selena Gomez/Kygo;58;No;03:17;-7.313;162.09;C;Major;4/4;0.552;0.721;0.0323;0.163;0.000183;0.0808;0.325
7EZAIhKzfjXbAsL0hrQjGF;Let Somebody Go (Kygo Remix);2022-03-11;Let Somebody Go - Single Version;1;2;Coldplay/Selena Gomez;37;No;03:32;-9.091;134.974;C;Major;4/4;0.639;0.401;0.0341;0.204;0.0138;0.11;0.24
7EZAIhKzfjXbAsL0hrQjGF;Let Somebody Go (Kygo Remix);2022-03-11;Let Somebody Go;1;3;Coldplay/Selena Gomez;37;No;04:01;-8.93;130.953;C;Major;4/4;0.592;0.342;0.0339;0.193;0.00245;0.11;0.155
0vS8EETjc2cnCu5j32uxxq;Let Somebody Go;2022-03-04;Let Somebody Go - Single Version;1;1;Coldplay/Selena Gomez;50;No;03:32;-9.091;134.974;C;Major;4/4;0.639;0.401;0.0341;0.204;0.0138;0.11;0.24
0vS8EETjc2cnCu5j32uxxq;Let Somebody Go;2022-03-04;Let Somebody Go;1;2;Coldplay/Selena Gomez;41;No;04:01;-8.93;130.953;C;Major;4/4;0.592;0.342;0.0339;0.193;0.00245;0.11;0.155
5WSVBLmTp6Fgjm2Dwyu3vr;Spotify Singles;2022-02-23;Let Somebody Go - Spotify Singles;1;1;Coldplay/Selena Gomez;44;No;04:03;-10.015;131.106;C;Major;4/4;0.499;0.357;0.0292;0.258;0.163;0.114;0.143
5WSVBLmTp6Fgjm2Dwyu3vr;Spotify Singles;2022-02-23;Day ‘n’ Nite - Spotify Singles;1;2;Coldplay;54;No;04:18;-12.847;116.043;E;Minor;4/4;0.6;0.419;0.0348;0.813;0.0141;0.099;0.237
4LcW19D6W1nHpvcJV5s2QI;My Universe (David Guetta Remix);2021-10-13;My Universe - David Guetta Remix;1;1;Coldplay/BTS/David Guetta;56;No;03:19;-5.515;122.609;C♯/D♭;Minor;4/4;0.436;0.948;0.0558;0.0974;0.00375;0.14;0.696
7eMHMiz2uvtDDMbvKRJxlP;My Universe (Galantis Remix);2021-10-11;My Universe - Galantis Remix;1;1;Coldplay/BTS/Galantis;64;No;03:44;-4.711;120.024;E;Major;4/4;0.596;0.915;0.0682;0.0949;1.7e-06;0.12;0.629
6iVS1t7wQUHItUnCxH7epG;My Universe;2021-09-27;My Universe - Acoustic Version;1;1;Coldplay/BTS;60;No;03:43;-6.918;105.031;E;Major;4/4;0.501;0.54;0.0314;0.588;0.0;0.313;0.449
6iVS1t7wQUHItUnCxH7epG;My Universe;2021-09-27;My Universe - Supernova 7 Mix;1;2;Coldplay/BTS;49;No;04:39;-6.841;105.017;F♯/G♭;Minor;4/4;0.665;0.712;0.0397;0.00115;0.000187;0.27;0.489
6iVS1t7wQUHItUnCxH7epG;My Universe;2021-09-27;My Universe;1;3;Coldplay/BTS;63;No;03:46;-6.268;105.006;C♯/D♭;Minor;4/4;0.573;0.711;0.0406;0.0114;0.0;0.328;0.47
3oWWeH4gpNsJG0KyGaBoEd;My Universe (SUGA's Remix);2021-09-26;My Universe - SUGA's Remix;1;1;Coldplay/BTS/SUGA;61;No;03:08;-5.904;107.043;E;Major;4/4;0.558;0.832;0.0435;0.00119;0.0;0.0637;0.5
0G0WNcM706ASd6n7UxXuKu;Coloratura;2021-07-23;Coloratura;1;1;Coldplay;65;No;10:18;-10.88;133.585;D;Major;4/4;0.289;0.263;0.0297;0.652;0.155;0.103;0.0736
2D9sJsmo3tSSxkxrMkEoei;Overtura;2021-07-20;Overtura - Music Of The Spheres album trailer;1;1;Coldplay;37;No;01:52;-9.221;136.235;A;Major;5/4;0.365;0.514;0.0403;0.0578;0.337;0.24;0.0571
5QuWXn0Hco1qqQh3xbZQWW;Higher Power (Alyx Ander Remix);2021-07-05;Higher Power - Alyx Ander Remix;1;1;Coldplay/Alyx Ander;41;No;02:33;-5.56;127.985;D;Minor;4/4;0.666;0.812;0.0663;0.061;0.0;0.312;0.623
5QuWXn0Hco1qqQh3xbZQWW;Higher Power (Alyx Ander Remix);2021-07-05;Higher Power;1;2;Coldplay;33;No;03:26;-5.931;177.894;A♯/B♭;Major;4/4;0.507;0.832;0.0425;0.00643;1.6e-05;0.229;0.485
4VsMbx69vl5FmhkosEa9By;Higher Power (Acoustic Version);2021-06-15;Higher Power - Acoustic Version;1;1;Coldplay;52;No;03:34;-7.483;89.013;F;Major;4/4;0.525;0.649;0.027;0.536;5.24e-05;0.322;0.597
4VsMbx69vl5FmhkosEa9By;Higher Power (Acoustic Version);2021-06-15;Higher Power;1;2;Coldplay;38;No;03:26;-5.931;177.894;A♯/B♭;Major;4/4;0.507;0.832;0.0425;0.00643;1.6e-05;0.229;0.485
31uapL5Q92IadPRWycdPKK;Higher Power (Tiësto Remix);2021-06-04;Higher Power - Tiësto Remix;1;1;Coldplay/Tiësto;54;No;03:49;-4.242;137.99;F;Major;4/4;0.629;0.826;0.0467;0.00189;0.0127;0.108;0.533
0kqW9S1stTTI6dsC6JztJf;Higher Power (ZHU Remix);2021-05-20;Higher Power - ZHU Remix;1;1;Coldplay/ZHU;44;No;04:46;-8.235;128.016;G;Minor;4/4;0.666;0.698;0.0355;0.00342;0.00923;0.1;0.147
6wiPmk3powmcz3G7zr6krg;Higher Power;2021-05-07;Higher Power;1;1;Coldplay;76;No;03:31;-6.023;178.032;A♯/B♭;Major;4/4;0.507;0.828;0.0449;0.00711;2.44e-05;0.261;0.489
4JYjZh7R8F7Na5x1lVqOl9;Flags;2020-12-21;Flags;1;1;Coldplay;65;No;03:36;-7.262;89.876;G;Major;4/4;0.55;0.796;0.0378;0.00107;1.18e-05;0.123;0.51
1YFEfpOP0NJFr4my1WZJgA;Champion Of The World (Live at NPR's Tiny Desk);2020-03-16;Champion Of The World - Live at NPR's Tiny Desk;1;1;Coldplay;38;No;03:36;-9.75;78.15;G;Major;5/4;0.273;0.426;0.0389;0.932;0.000447;0.682;0.368
1qAJNklFUgIft4H4mzxg4j;Champion of The World / Daddy;2019-11-20;Champion Of The World;1;1;Coldplay;43;No;04:17;-7.095;108.9;G;Major;4/4;0.503;0.594;0.0263;0.00276;0.0102;0.109;0.168
1qAJNklFUgIft4H4mzxg4j;Champion of The World / Daddy;2019-11-20;Daddy;1;2;Coldplay;41;No;04:58;-19.54;116.981;C♯/D♭;Major;4/4;0.633;0.18;0.034;0.931;0.801;0.513;0.2
1qAJNklFUgIft4H4mzxg4j;Champion of The World / Daddy;2019-11-20;Orphans;1;3;Coldplay;31;No;03:17;-5.051;107.973;B;Minor;4/4;0.503;0.808;0.0451;0.0258;0.00149;0.557;0.282
1qAJNklFUgIft4H4mzxg4j;Champion of The World / Daddy;2019-11-20;Arabesque;1;4;Coldplay;30;Yes;05:40;-7.727;172.009;G;Major;4/4;0.401;0.834;0.055;0.000114;0.849;0.373;0.163
1qAJNklFUgIft4H4mzxg4j;Champion of The World / Daddy;2019-11-20;Everyday Life;1;5;Coldplay;31;No;04:18;-8.991;124.103;D;Major;4/4;0.512;0.452;0.0292;0.775;0.0818;0.065;0.235
2BFaHYLKy6IvNfD0zi5EQW;Orphans (Muzi Remix);2019-11-04;Orphans - Muzi Remix;1;1;Coldplay/Muzi;41;No;03:41;-6.672;112.964;A;Major;4/4;0.821;0.827;0.0617;0.0789;0.085;0.103;0.624
1SnoyXTgl1jmhfmPwpKDCI;Orphans / Arabesque;2019-10-24;Orphans;1;1;Coldplay;54;No;03:17;-5.051;107.973;B;Minor;4/4;0.503;0.808;0.0451;0.0258;0.00149;0.557;0.282
1SnoyXTgl1jmhfmPwpKDCI;Orphans / Arabesque;2019-10-24;Arabesque;1;2;Coldplay;45;Yes;05:40;-7.727;172.009;G;Major;4/4;0.401;0.834;0.055;0.000114;0.849;0.373;0.163
03xqQj7XQVURFr9sQPAaW3;A Head Full of Dreams (Live in Buenos Aires);2018-11-29;A Head Full of Dreams - Live in Buenos Aires;1;1;Coldplay;31;No;04:59;-6.33;122.756;B;Major;4/4;0.32;0.923;0.136;0.0132;0.00654;0.705;0.255
5g86lbcRBgzbPEmtUkk1lO;Fix You (Live in Buenos Aires);2018-11-01;Fix You - Live in Buenos Aires;1;1;Coldplay;37;No;05:27;-7.53;140.351;D♯/E♭;Major;4/4;0.256;0.625;0.0348;0.00534;0.00386;0.179;0.201
229vMTRfCZPiON0Sw6Y2Uz;Viva La Vida (Live in Buenos Aires);2018-10-18;Viva La Vida - Live in Buenos Aires;1;1;Coldplay;37;No;04:11;-4.655;138.015;F;Minor;4/4;0.428;0.948;0.0934;0.00537;1.29e-06;0.371;0.219
3pg2wMCqJzTksen01JRptU;A L I E N S (Markus Dravs Remix);2017-07-21;A L I E N S - Markus Dravs Remix;1;1;Coldplay/Markus Dravs;35;No;07:05;-10.057;148.016;E;Minor;5/4;0.539;0.787;0.0351;0.00338;0.118;0.103;0.647
0CE9VXSH70pz4BQzMPm9gO;Kaleidoscope EP;2017-07-13;All I Can Think About Is You;1;1;Coldplay;60;No;04:34;-6.412;73.161;F;Major;4/4;0.352;0.711;0.0334;0.157;0.701;0.0683;0.422
0CE9VXSH70pz4BQzMPm9gO;Kaleidoscope EP;2017-07-13;Miracles (Someone Special);1;2;Coldplay/Big Sean;63;No;04:36;-5.501;97.012;F♯/G♭;Major;4/4;0.624;0.824;0.0445;0.0167;0.00029;0.138;0.366
0CE9VXSH70pz4BQzMPm9gO;Kaleidoscope EP;2017-07-13;A L I E N S;1;3;Coldplay;58;No;04:42;-4.982;148.0;A;Minor;5/4;0.427;0.876;0.0366;0.00157;0.000944;0.206;0.261
0CE9VXSH70pz4BQzMPm9gO;Kaleidoscope EP;2017-07-13;Something Just Like This - Tokyo Remix;1;4;Coldplay/The Chainsmokers;43;No;04:33;-6.996;102.866;B;Minor;4/4;0.374;0.86;0.0563;0.00171;0.00114;0.988;0.156
0CE9VXSH70pz4BQzMPm9gO;Kaleidoscope EP;2017-07-13;Hypnotised - EP Mix;1;5;Coldplay;60;No;06:31;-6.591;120.04;F;Major;4/4;0.501;0.639;0.0357;0.399;0.85;0.099;0.0789
0fRM4P5M8FiRTpiCFWrsMY;A L I E N S;2017-07-06;A L I E N S;1;1;Coldplay;41;No;04:42;-4.979;148.002;A;Minor;5/4;0.425;0.878;0.038;0.00156;0.000898;0.206;0.252
2i3pQGt2uzVfWL8LeFewmI;Something Just Like This (Tokyo Remix);2017-06-23;Something Just Like This - Tokyo Remix;1;1;Coldplay/The Chainsmokers;56;No;04:32;-6.996;102.863;B;Minor;4/4;0.365;0.86;0.0586;0.00173;0.00112;0.988;0.143
6E8RU4JTgtxnUT3BT0yOdb;All I Can Think About Is You;2017-06-15;All I Can Think About Is You;1;1;Coldplay;43;No;04:34;-6.412;73.102;F;Major;4/4;0.348;0.712;0.0335;0.155;0.702;0.0683;0.424
4uRfYhBBaSX8N3amojmMBE;Something Just Like This (Remixes);2017-04-28;Something Just Like This - Alesso Remix;1;1;The Chainsmokers/Coldplay/Alesso;61;No;04:12;-5.99;120.082;D;Major;4/4;0.663;0.728;0.0491;0.24;0.000417;0.122;0.563
4uRfYhBBaSX8N3amojmMBE;Something Just Like This (Remixes);2017-04-28;Something Just Like This - R3hab Remix;1;2;The Chainsmokers/Coldplay/R3HAB;53;No;02:42;-6.848;102.013;D;Major;4/4;0.702;0.585;0.0373;0.296;0.000217;0.097;0.345
4uRfYhBBaSX8N3amojmMBE;Something Just Like This (Remixes);2017-04-28;Something Just Like This - Dimitri Vegas & Like Mike Remix;1;3;The Chainsmokers/Coldplay/Dimitri Vegas & Like Mike;44;No;03:50;-5.544;108.754;B;Minor;1/4;0.455;0.786;0.0667;0.142;0.000603;0.336;0.446
4uRfYhBBaSX8N3amojmMBE;Something Just Like This (Remixes);2017-04-28;Something Just Like This - Don Diablo Remix;1;4;The Chainsmokers/Coldplay/Don Diablo;52;No;03:50;-5.567;124.039;B;Minor;4/4;0.72;0.746;0.0983;0.125;0.000476;0.0929;0.511
4uRfYhBBaSX8N3amojmMBE;Something Just Like This (Remixes);2017-04-28;Something Just Like This - Jai Wolf Remix;1;5;The Chainsmokers/Coldplay/Jai Wolf;41;No;02:56;-5.354;114.953;D;Major;4/4;0.557;0.73;0.0336;0.0839;0.00162;0.19;0.257
4uRfYhBBaSX8N3amojmMBE;Something Just Like This (Remixes);2017-04-28;Something Just Like This - ARMNHMR Remix;1;6;The Chainsmokers/Coldplay/ARMNHMR;38;No;03:44;-5.652;131.056;B;Minor;4/4;0.484;0.609;0.0303;0.00262;0.0;0.339;0.293
165kxlULHc34us8oU420iw;Hypnotised;2017-03-02;Hypnotised;1;1;Coldplay;50;No;05:55;-6.185;120.056;F;Major;4/4;0.513;0.683;0.032;0.339;0.739;0.0871;0.153
7IzpJkWQqgz1BTutQvSitX;Something Just Like This;2017-02-22;Something Just Like This;1;1;The Chainsmokers/Coldplay;76;No;04:07;-6.695;102.996;B;Minor;4/4;0.607;0.649;0.0362;0.0306;2.46e-05;0.174;0.505
573eP6oKtAJDqnpco7Fn9c;Live from Spotify London;2016-12-16;Everglow - Live from Spotify London;1;1;Coldplay;62;No;04:15;-9.431;72.727;C♯/D♭;Minor;4/4;0.536;0.486;0.037;0.304;0.000479;0.945;0.125
573eP6oKtAJDqnpco7Fn9c;Live from Spotify London;2016-12-16;Viva La Vida - Live from Spotify London;1;2;Coldplay;65;No;03:54;-6.8;138.203;G♯/A♭;Major;3/4;0.433;0.922;0.12;0.123;4.8e-06;0.93;0.5
573eP6oKtAJDqnpco7Fn9c;Live from Spotify London;2016-12-16;Adventure of a Lifetime - Live from Spotify London;1;3;Coldplay;62;No;04:18;-8.174;115.665;A;Minor;4/4;0.515;0.851;0.0689;0.0644;0.000139;0.919;0.588
573eP6oKtAJDqnpco7Fn9c;Live from Spotify London;2016-12-16;Yellow - Live from Spotify London;1;4;Coldplay;63;No;04:12;-10.456;165.899;B;Major;4/4;0.223;0.439;0.0312;0.447;0.0141;0.926;0.119
573eP6oKtAJDqnpco7Fn9c;Live from Spotify London;2016-12-16;Christmas Lights - Live from Spotify London;1;5;Coldplay;55;No;04:28;-9.478;132.062;G;Major;4/4;0.295;0.496;0.0327;0.207;0.000396;0.858;0.224
6LRAUvjNMdUieHc8RcpHQU;Everglow;2016-11-10;Everglow - Edit;1;1;Coldplay;66;No;03:47;-8.467;144.479;E;Major;4/4;0.425;0.257;0.0321;0.968;0.0181;0.115;0.341
6LRAUvjNMdUieHc8RcpHQU;Everglow;2016-11-10;Everglow;1;2;Coldplay;50;No;05:01;-8.963;77.467;E;Major;4/4;0.385;0.259;0.041;0.969;0.0121;0.116;0.312
46ElgN92j4wktUnUkxUFKR;Up&Up (Freedo Remix);2016-09-16;Up&Up - Freedo Remix;1;1;Coldplay/Freedo;43;No;03:30;-5.947;97.984;G;Major;4/4;0.806;0.657;0.0689;0.103;0.00294;0.126;0.289
39CemyWzo6fJbvbAyICDrj;Up&Up;2016-04-22;Up&Up;1;1;Coldplay;49;No;03:58;-5.385;81.944;G;Major;4/4;0.534;0.734;0.072;0.124;2.45e-05;0.231;0.284
6HtLkpRPDhS1wUcDzE50hd;Adventure of a Lifetime (Yotto Remix);2016-03-28;Adventure of a Lifetime - Yotto Remix;1;1;Coldplay/Yotto;32;No;03:49;-6.566;121.997;G;Major;4/4;0.587;0.806;0.0359;0.00276;0.0415;0.212;0.0646
0ezwRysfWCrR5tDgpBwkIw;Hymn for the Weekend (Seeb Remix);2016-03-25;Hymn for the Weekend - Seeb Remix;1;1;Coldplay/Seeb;68;No;03:32;-3.516;102.034;C;Minor;4/4;0.565;0.849;0.0517;0.00868;4.68e-06;0.12;0.427
1TbYQD52H9tKtZine3mHHJ;Adventure of a Lifetime (Matoma Remix);2015-12-03;Adventure of a Lifetime - Matoma Remix;1;1;Coldplay/Matoma;47;No;04:10;-6.541;112.015;A;Minor;4/4;0.651;0.771;0.0313;0.00381;1.71e-05;0.238;0.456
0TWPnJaGqeZB6bfdAcsfIj;Adventure of a Lifetime;2015-11-06;Adventure of a Lifetime;1;1;Coldplay;57;No;04:23;-3.887;111.995;G;Major;4/4;0.638;0.924;0.036;0.00205;0.000175;0.149;0.53
0CvMcLab5Xb0KL7gsQfhhv;A Sky Full of Stars (Hardwell Remix);2014-12-01;A Sky Full of Stars - Hardwell Remix;1;1;Coldplay/Hardwell;52;No;05:13;-4.491;127.998;D♯/E♭;Minor;4/4;0.652;0.657;0.0306;0.00209;7.04e-05;0.0859;0.0873
5TJzsFUF2RUzrje51UmkhG;True Love (Davide Rossi Remix);2014-12-01;True Love - Davide Rossi Remix;1;1;Coldplay/Davide Rossi;33;No;04:41;-8.107;120.1;F♯/G♭;Major;4/4;0.444;0.477;0.0324;0.686;0.103;0.105;0.175
4HVHqL4eLFnDleC56Y2x2T;Ink (Live at Le Casino De Paris, Paris);2014-10-20;Ink - Live at Le Casino De Paris, Paris;1;1;Coldplay;31;No;04:09;-7.147;112.025;F♯/G♭;Major;4/4;0.584;0.735;0.0395;0.00645;0.433;0.958;0.345
5WBIRgdTtnf2cYfoSHSLEb;True Love;2014-08-14;True Love;1;1;Coldplay;43;No;04:06;-7.963;119.994;B;Major;4/4;0.482;0.574;0.028;0.00382;0.08;0.123;0.184
2jQB4YEh4xWhloG21IueUf;A Sky Full of Stars;2014-06-29;A Sky Full of Stars;1;1;Coldplay;66;No;03:56;-7.132;125.005;F♯/G♭;Major;4/4;0.559;0.632;0.028;0.0148;0.00115;0.16;0.258
2jQB4YEh4xWhloG21IueUf;A Sky Full of Stars;2014-06-29;All Your Friends;1;2;Coldplay;41;No;03:31;-12.177;74.98;F♯/G♭;Minor;4/4;0.507;0.317;0.0283;0.183;0.124;0.112;0.201
2jQB4YEh4xWhloG21IueUf;A Sky Full of Stars;2014-06-29;Ghost Story;1;3;Coldplay;44;No;04:17;-7.941;122.005;G;Major;4/4;0.595;0.638;0.0307;0.104;0.000821;0.0699;0.51
2jQB4YEh4xWhloG21IueUf;A Sky Full of Stars;2014-06-29;O - Reprise;1;4;Coldplay;40;No;01:37;-11.975;107.019;A♯/B♭;Major;4/4;0.201;0.327;0.0285;0.869;0.846;0.117;0.0945
7tI4UrXr27WbduHuVJlCp5;Midnight (Kygo Remix);2014-06-09;Midnight - Kygo Remix;1;1;Coldplay/Kygo;53;No;05:16;-12.845;124.989;B;Minor;4/4;0.713;0.368;0.0487;0.612;0.323;0.0886;0.22
62TTFY17j9p0BgEBI3DHTb;Midnight (Jon Hopkins Remix);2014-05-12;Midnight - Jon Hopkins Remix;1;1;Coldplay/Jon Hopkins;41;No;10:05;-9.513;126.999;A♯/B♭;Minor;4/4;0.708;0.836;0.0605;0.0267;0.853;0.0475;0.0481
32aC9I2Vt9HgIOS2v0eHoZ;Midnight;2014-04-29;Midnight;1;1;Coldplay;38;No;04:54;-12.42;126.976;C♯/D♭;Major;4/4;0.548;0.475;0.0355;0.615;0.808;0.0944;0.0349
5pUVbNp8AeHd6Vt8bJWShA;Midnight (Giorgio Moroder Remix);2014-04-21;Midnight - Giorgio Moroder Remix;1;1;Coldplay/Giorgio Moroder;36;No;08:37;-10.302;127.009;C♯/D♭;Major;4/4;0.585;0.694;0.0314;0.000414;0.793;0.0785;0.483
4cCfFozyo6JC8acN8uIP7u;Magic;2014-03-03;Magic;1;1;Coldplay;59;No;04:45;-8.917;93.457;F♯/G♭;Minor;4/4;0.738;0.482;0.0402;0.0266;0.621;0.106;0.352
1aJ1PDNjC6ZzEu74BkmGE4;Atlas (From “The Hunger Games: Catching Fire” Soundtrack);2013-01-01;Atlas - From “The Hunger Games: Catching Fire” Soundtrack;1;1;Coldplay;52;No;03:56;-7.736;136.4;B;Major;4/4;0.28;0.449;0.0292;0.638;0.701;0.105;0.103
3yddXawPNWK9qUDqB2UMY7;Princess of China;2012-06-01;Princess of China - Radio Edit;1;1;Coldplay/Rihanna;54;No;03:37;-5.918;85.025;A;Minor;4/4;0.402;0.7;0.0361;0.00171;0.00641;0.191;0.314
3yddXawPNWK9qUDqB2UMY7;Princess of China;2012-06-01;Princess of China - Invisible Men Remix;1;2;Coldplay/Rihanna;39;No;03:46;-8.072;121.735;D;Major;5/4;0.475;0.687;0.0802;0.0395;0.00313;0.241;0.433
3yddXawPNWK9qUDqB2UMY7;Princess of China;2012-06-01;Paradise - Tiësto Remix;1;3;Coldplay/Tiësto;53;No;04:46;-6.003;130.015;D;Minor;4/4;0.637;0.736;0.0404;0.0123;0.14;0.0798;0.643
3yddXawPNWK9qUDqB2UMY7;Princess of China;2012-06-01;Princess of China - Acoustic;1;4;Coldplay/Rihanna;52;No;03:26;-7.952;165.996;A;Minor;4/4;0.245;0.471;0.0313;0.652;0.00717;0.126;0.287
5O8q5vQVJIaCuDpC01AtaP;Princess of China [Radio Edit];2012-04-13;Princess of China - Radio Edit;1;1;Coldplay/Rihanna;29;No;03:37;-5.918;85.025;A;Minor;4/4;0.402;0.7;0.0361;0.00171;0.00641;0.191;0.314
1oXauHeoAxhtOFX82nlun7;Every Teardrop Is a Waterfall;2011-06-26;Every Teardrop Is a Waterfall;1;1;Coldplay;38;No;04:03;-6.994;118.025;A;Major;4/4;0.431;0.739;0.0387;0.00152;0.00249;0.0968;0.329
1oXauHeoAxhtOFX82nlun7;Every Teardrop Is a Waterfall;2011-06-26;Major Minus;1;2;Coldplay;30;No;03:30;-5.318;115.535;E;Minor;4/4;0.44;0.689;0.0345;0.000143;0.871;0.666;0.373
1oXauHeoAxhtOFX82nlun7;Every Teardrop Is a Waterfall;2011-06-26;Moving to Mars;1;3;Coldplay;40;No;04:18;-10.797;142.657;G♯/A♭;Major;4/4;0.263;0.315;0.03;0.0217;0.163;0.109;0.196
06CvxUVwS8h2aJYcCtApgy;Christmas Lights;2010-12-01;Christmas Lights;1;1;Coldplay;56;No;04:02;-9.146;129.116;G;Major;4/4;0.315;0.418;0.0299;0.131;0.000679;0.0836;0.237
5JyRcNcdZ8uf5vGH4b6ljZ;Strawberry Swing;2009-09-11;Strawberry Swing;1;1;Coldplay;42;No;04:09;-10.457;173.12;C♯/D♭;Major;4/4;0.195;0.669;0.0601;0.00804;0.788;0.238;0.428
58va4HhwMY2cXFuqdhXOMQ;Life in Technicolor ii;2009-02-21;Life in Technicolor ii;1;1;Coldplay;14;No;04:05;-7.06;131.052;A;Major;4/4;0.473;0.91;0.0391;0.00159;5.29e-05;0.248;0.293
58va4HhwMY2cXFuqdhXOMQ;Life in Technicolor ii;2009-02-21;Life in Technicolor ii - Live at the O2, London;1;2;Coldplay;9;No;03:36;-8.113;131.271;A;Major;4/4;0.399;0.914;0.042;0.000281;0.0266;0.98;0.319
58va4HhwMY2cXFuqdhXOMQ;Life in Technicolor ii;2009-02-21;The Goldrush;1;3;Coldplay;12;No;02:29;-9.991;135.282;F;Major;4/4;0.56;0.627;0.0333;0.654;0.365;0.08;0.937
3J6zaHMhIAWJtxhWpOdLBZ;Lost!;2008-11-07;Lost!;1;1;Coldplay;34;No;03:55;-7.464;174.001;G;Major;4/4;0.223;0.839;0.0587;0.00604;0.844;0.358;0.377
3J6zaHMhIAWJtxhWpOdLBZ;Lost!;2008-11-07;Lost?;1;2;Coldplay;41;No;03:42;-12.016;80.551;G;Major;4/4;0.492;0.31;0.0258;0.95;0.00144;0.105;0.243
3J6zaHMhIAWJtxhWpOdLBZ;Lost!;2008-11-07;Lost@ - Live at the United Center, Chicago, IL;1;3;Coldplay;33;No;03:55;-6.683;86.979;G;Major;4/4;0.376;0.911;0.0447;0.0142;0.003;0.948;0.758
3J6zaHMhIAWJtxhWpOdLBZ;Lost!;2008-11-07;Lost+ (with Jay-Z);1;4;Coldplay;43;Yes;04:16;-7.019;174.247;G;Major;4/4;0.242;0.804;0.0595;0.00814;0.515;0.36;0.402
2JJtOvxbxzUJsDVVyYZZPJ;Viva La Vida;2008-06-12;Viva La Vida;1;1;Coldplay;47;No;04:02;-7.115;138.015;F;Minor;4/4;0.486;0.617;0.0287;0.0954;3.23e-06;0.109;0.417
2JJtOvxbxzUJsDVVyYZZPJ;Viva La Vida;2008-06-12;Death Will Never Conquer;1;2;Coldplay;36;No;01:17;-9.983;128.676;D♯/E♭;Major;4/4;0.471;0.324;0.0387;0.961;0.000176;0.116;0.392
0PpuVbbyLfgq8HrESvt2d4;Prospekt's March;2008-05-26;Life in Technicolor ii;1;1;Coldplay;26;No;04:05;-7.06;131.052;A;Major;4/4;0.473;0.91;0.0391;0.00159;5.29e-05;0.248;0.293
0PpuVbbyLfgq8HrESvt2d4;Prospekt's March;2008-05-26;Postcards from Far Away;1;2;Coldplay;27;No;00:48;-19.387;126.704;A♯/B♭;Major;4/4;0.46;0.164;0.048;0.99;0.953;0.146;0.189
0PpuVbbyLfgq8HrESvt2d4;Prospekt's March;2008-05-26;Glass of Water;1;3;Coldplay;24;No;04:44;-8.298;157.124;D;Major;4/4;0.151;0.694;0.032;0.000421;0.0634;0.334;0.231
0PpuVbbyLfgq8HrESvt2d4;Prospekt's March;2008-05-26;Rainy Day;1;4;Coldplay;22;No;03:26;-6.964;137.994;G♯/A♭;Major;4/4;0.376;0.677;0.0292;0.0765;0.00266;0.126;0.653
0PpuVbbyLfgq8HrESvt2d4;Prospekt's March;2008-05-26;Prospekt's March / Poppyfields;1;5;Coldplay;25;No;03:39;-11.992;154.465;D;Major;4/4;0.227;0.279;0.0302;0.401;0.00428;0.193;0.0954
0PpuVbbyLfgq8HrESvt2d4;Prospekt's March;2008-05-26;Lost+ (with Jay-Z);1;6;Coldplay;22;Yes;04:16;-7.024;174.852;G;Major;4/4;0.229;0.805;0.0589;0.00801;0.506;0.357;0.386
0PpuVbbyLfgq8HrESvt2d4;Prospekt's March;2008-05-26;Lovers in Japan - Osaka Sun Mix;1;7;Coldplay;23;No;03:58;-6.037;111.982;G;Major;4/4;0.401;0.94;0.0758;0.00268;0.404;0.298;0.321
0PpuVbbyLfgq8HrESvt2d4;Prospekt's March;2008-05-26;Now My Feet Won't Touch the Ground;1;8;Coldplay;22;No;02:27;-13.797;124.09;C;Major;4/4;0.511;0.255;0.0302;0.817;0.853;0.0819;0.13
2Pc9C27OlgTTtjvFxulqgG;Violet Hill;2008-05-06;Violet Hill;1;1;Coldplay;35;No;03:42;-7.875;76.022;C♯/D♭;Minor;4/4;0.345;0.581;0.0369;0.0603;0.00127;0.115;0.108
2Pc9C27OlgTTtjvFxulqgG;Violet Hill;2008-05-06;A Spell a Rebel Yell;1;2;Coldplay;34;No;02:48;-5.245;112.011;C;Major;4/4;0.538;0.87;0.0358;0.449;0.781;0.309;0.608
2dlacdThpQkKMsjHIomtu8;The Hardest Part;2006-04-06;The Hardest Part;1;1;Coldplay;36;No;04:22;-5.883;123.727;A♯/B♭;Major;4/4;0.5;0.844;0.0369;0.0228;0.00398;0.455;0.444
2dlacdThpQkKMsjHIomtu8;The Hardest Part;2006-04-06;How You See the World - Live from Earls Court;1;2;Coldplay;34;No;04:16;-7.493;132.087;G♯/A♭;Minor;4/4;0.477;0.693;0.0543;0.0756;0.0;0.965;0.148
0Pfwiiwar1e7p5N7r8Wdeb;Talk;2005-12-19;Talk - Junkie XL Remix;1;1;Coldplay;32;No;11:42;-6.744;131.01;G;Minor;4/4;0.603;0.712;0.0353;0.000973;0.503;0.0658;0.357
0Pfwiiwar1e7p5N7r8Wdeb;Talk;2005-12-19;Talk - Francois K Dub;1;2;Coldplay;28;No;09:03;-8.329;126.979;G♯/A♭;Major;4/4;0.797;0.844;0.0621;0.00491;0.626;0.0651;0.519
0Pfwiiwar1e7p5N7r8Wdeb;Talk;2005-12-19;Talk - Thin White Duke Mix;1;3;Coldplay;35;No;09:00;-9.022;131.308;C;Major;4/4;0.593;0.706;0.0736;0.123;0.388;0.0879;0.601
1skkhQGSj1VljTbaejos3f;Fix You;2005-09-13;Fix You;1;1;Coldplay;35;No;04:55;-8.74;138.178;D♯/E♭;Major;4/4;0.209;0.417;0.0338;0.164;0.00196;0.113;0.124
1skkhQGSj1VljTbaejos3f;Fix You;2005-09-13;Pour Me - Live at the Hollywood Bowl;1;2;Coldplay;16;No;05:01;-8.603;155.012;D;Major;4/4;0.179;0.627;0.0348;0.14;0.000113;0.54;0.15
1skkhQGSj1VljTbaejos3f;Fix You;2005-09-13;The World Turned Upside Down;1;3;Coldplay;18;No;04:32;-5.976;136.803;A;Major;4/4;0.534;0.841;0.0498;0.0244;0.000239;0.128;0.0759
1skkhQGSj1VljTbaejos3f;Fix You;2005-09-13;Fix You - Live from Arnhem, Netherlands;1;4;Coldplay;23;No;06:08;-10.036;140.306;D♯/E♭;Major;4/4;0.149;0.416;0.0326;0.0137;0.000505;0.684;0.192
2VjLPaSmVItKbYhx7ZHBmE;Speed of Sound;2005-05-23;Speed of Sound;1;1;Coldplay;48;No;04:51;-6.783;123.055;B;Minor;4/4;0.52;0.898;0.0553;0.00476;0.0251;0.0731;0.34
2VjLPaSmVItKbYhx7ZHBmE;Speed of Sound;2005-05-23;Things I Don't Understand;1;2;Coldplay;40;No;04:55;-6.593;137.076;A;Minor;4/4;0.407;0.95;0.0602;0.00102;0.00174;0.0412;0.314
2VjLPaSmVItKbYhx7ZHBmE;Speed of Sound;2005-05-23;Proof;1;3;Coldplay;39;No;04:10;-11.428;128.134;B;Major;4/4;0.53;0.176;0.0317;0.94;0.475;0.109;0.0751
0Uk9J6k7ZV1SCsezKHCg6w;2000 Miles;2003-12-02;2000 Miles;1;1;Coldplay;35;No;03:15;-10.538;117.512;G;Major;4/4;0.47;0.32;0.0312;0.929;0.249;0.11;0.351
5ZHXwTzxonEauEvYWIgBfw;God Put a Smile upon Your Face;2003-07-07;God Put a Smile upon Your Face;1;1;Coldplay;33;No;04:57;-5.761;126.532;A;Major;4/4;0.611;0.556;0.0288;0.175;7.14e-05;0.0359;0.252
5ZHXwTzxonEauEvYWIgBfw;God Put a Smile upon Your Face;2003-07-07;Murder;1;2;Coldplay;32;No;05:34;-7.243;109.994;F♯/G♭;Minor;3/4;0.452;0.65;0.0291;0.111;0.00275;0.178;0.289
1hnFNY7vQA0VipdplCdhPJ;Clocks;2003-03-24;Clocks;1;1;Coldplay;56;No;05:07;-7.215;130.97;F;Minor;4/4;0.577;0.749;0.0279;0.599;0.0115;0.183;0.255
1hnFNY7vQA0VipdplCdhPJ;Clocks;2003-03-24;Crests of Waves;1;2;Coldplay;43;No;03:39;-6.039;120.025;C♯/D♭;Minor;4/4;0.49;0.709;0.033;0.267;0.599;0.163;0.538
1hnFNY7vQA0VipdplCdhPJ;Clocks;2003-03-24;Animals;1;3;Coldplay;41;No;05:33;-9.13;140.009;G;Minor;4/4;0.469;0.481;0.0255;0.041;6.53e-06;0.103;0.114
67eXmDByt2bonypIe2vJsN;Murder;2003;Murder;1;1;Coldplay;35;No;05:34;-7.243;109.994;F♯/G♭;Minor;3/4;0.456;0.65;0.0289;0.111;0.00271;0.178;0.292
2fycwGrq4XpHHWoLR4hOzF;In My Place;2002-08-05;In My Place;1;1;Coldplay;51;No;03:48;-6.513;144.737;A;Major;4/4;0.433;0.561;0.0268;0.0446;1.52e-06;0.191;0.214
2fycwGrq4XpHHWoLR4hOzF;In My Place;2002-08-05;One I Love;1;2;Coldplay;40;No;04:35;-6.661;134.009;D;Major;4/4;0.44;0.776;0.0356;0.109;0.507;0.365;0.367
2fycwGrq4XpHHWoLR4hOzF;In My Place;2002-08-05;I Bloom Blaum;1;3;Coldplay;40;No;02:11;-19.362;78.843;F♯/G♭;Minor;4/4;0.443;0.157;0.0382;0.929;0.0454;0.109;0.186
4FtNaWzjhO9OXCRFEsSmuI;The Scientist;2002-08-05;The Scientist;1;1;Coldplay;56;No;05:11;-7.991;146.409;F;Major;4/4;0.572;0.419;0.024;0.737;1.5e-05;0.11;0.209
4FtNaWzjhO9OXCRFEsSmuI;The Scientist;2002-08-05;1.36;1;2;Coldplay;36;No;02:05;-4.467;136.761;C♯/D♭;Major;4/4;0.437;0.903;0.0532;0.0608;0.429;0.34;0.578
4FtNaWzjhO9OXCRFEsSmuI;The Scientist;2002-08-05;I Ran Away;1;3;Coldplay;41;No;04:26;-9.668;109.587;A;Major;4/4;0.518;0.62;0.0273;0.0596;0.215;0.0722;0.364
3rY30nCdrF8RP3OvBrHTNQ;I Ran Away;2002;I Ran Away;1;1;Coldplay;13;No;04:26;-9.646;109.593;A;Major;4/4;0.517;0.634;0.0262;0.0504;0.127;0.0778;0.351
1sPu7EQ1vbjG3A5GOqMVam;Have Yourself a Merry Little Christmas (Jo Whiley, BBC Radio 1 Session);2001-11-30;Have Yourself a Merry Little Christmas - Jo Whiley, BBC Radio 1 Session;1;1;Coldplay;38;No;02:19;-13.458;97.585;G♯/A♭;Major;3/4;0.421;0.0824;0.0417;0.974;1.67e-05;0.111;0.0597
36Z4YfJRuw3r2VeHgNQbrF;Don't Panic;2001-03-19;Don't Panic;1;1;Coldplay;45;No;02:16;-8.409;122.062;C;Major;4/4;0.602;0.612;0.0335;0.206;0.00616;0.107;0.453
36Z4YfJRuw3r2VeHgNQbrF;Don't Panic;2001-03-19;You Only Live Twice - Live from Norway;1;2;Coldplay;35;No;04:06;-5.636;81.768;E;Major;4/4;0.375;0.822;0.0363;0.0182;1.45e-06;0.961;0.604
5lVhDQnJYSknv2vLRX9ifV;Trouble;2000-10-26;Trouble;1;1;Coldplay;39;No;04:33;-7.496;139.757;B;Minor;4/4;0.565;0.546;0.0314;0.189;0.0015;0.17;0.195
5lVhDQnJYSknv2vLRX9ifV;Trouble;2000-10-26;Brothers & Sisters;1;2;Coldplay;37;No;04:49;-9.027;113.723;C♯/D♭;Minor;3/4;0.357;0.416;0.031;0.522;0.000323;0.0868;0.103
5lVhDQnJYSknv2vLRX9ifV;Trouble;2000-10-26;Shiver (Jo Whiley Lunchtime Social);1;3;Coldplay;39;No;04:21;-11.308;78.718;E;Major;4/4;0.487;0.437;0.0269;0.395;0.0;0.15;0.16
3TQANfSeYZtl5rpNjYyR6U;Yellow;2000-06-26;Yellow;1;1;Coldplay;57;No;04:26;-7.227;173.372;B;Major;4/4;0.429;0.661;0.0281;0.00239;0.000121;0.234;0.285
3TQANfSeYZtl5rpNjYyR6U;Yellow;2000-06-26;Help Is Round the Corner;1;2;Coldplay;44;No;02:36;-13.699;139.154;C♯/D♭;Major;4/4;0.481;0.266;0.0293;0.853;5.5e-05;0.155;0.258
3TQANfSeYZtl5rpNjYyR6U;Yellow;2000-06-26;No More Keeping My Feet on the Ground;1;3;Coldplay;39;No;04:31;-5.445;124.704;B;Major;5/4;0.332;0.805;0.0417;0.0779;0.542;0.109;0.202
2rd83EFsdLMTyrgVizvpxX;Shiver;2000-03-06;Shiver;1;1;Coldplay;43;No;05:04;-6.186;116.707;E;Major;3/4;0.397;0.803;0.0488;0.0334;0.0;0.0688;0.286
2rd83EFsdLMTyrgVizvpxX;Shiver;2000-03-06;For You;1;2;Coldplay;46;No;05:43;-16.308;73.992;C♯/D♭;Minor;4/4;0.486;0.173;0.0348;0.8;0.815;0.13;0.174
2rd83EFsdLMTyrgVizvpxX;Shiver;2000-03-06;Careful Where You Stand;1;3;Coldplay;44;No;04:45;-12.925;110.333;E;Major;4/4;0.369;0.215;0.0296;0.888;0.00013;0.0931;0.0797
3MVb2CWB36x7VwYo5sZmf2;The Blue Room;1999-10-11;Bigger Stronger;1;1;Coldplay;42;No;04:49;-5.933;75.74;G;Major;4/4;0.271;0.698;0.039;0.00181;0.637;0.0738;0.231
3MVb2CWB36x7VwYo5sZmf2;The Blue Room;1999-10-11;Don't Panic;1;2;Coldplay;41;No;02:38;-10.061;118.016;C;Major;4/4;0.62;0.6;0.0493;0.0345;0.514;0.108;0.427
3MVb2CWB36x7VwYo5sZmf2;The Blue Room;1999-10-11;See You Soon;1;3;Coldplay;64;No;02:51;-12.779;92.226;E;Major;4/4;0.369;0.295;0.0351;0.657;1.54e-05;0.107;0.211
3MVb2CWB36x7VwYo5sZmf2;The Blue Room;1999-10-11;High Speed;1;4;Coldplay;37;No;04:16;-9.342;154.448;G;Minor;4/4;0.493;0.525;0.0301;0.396;0.00736;0.0961;0.248
3MVb2CWB36x7VwYo5sZmf2;The Blue Room;1999-10-11;Such a Rush;1;5;Coldplay;40;No;04:57;-9.457;106.844;G;Minor;5/4;0.303;0.236;0.0331;0.0696;0.00396;0.11;0.141
1As5m9qcOZtuFzdlzCkrzI;Brothers & Sisters;1999-04-26;Brothers & Sisters;1;1;Coldplay;33;No;04:05;-7.329;72.103;B;Minor;4/4;0.416;0.571;0.029;0.292;0.0;0.302;0.37
1As5m9qcOZtuFzdlzCkrzI;Brothers & Sisters;1999-04-26;Easy To Please;1;2;Coldplay;37;No;03:01;-16.465;74.27;A;Major;4/4;0.383;0.262;0.0315;0.739;0.144;0.362;0.15
1As5m9qcOZtuFzdlzCkrzI;Brothers & Sisters;1999-04-26;Only Superstition;1;3;Coldplay;33;No;03:48;-9.136;87.307;A;Minor;4/4;0.413;0.793;0.0289;0.155;6.01e-05;0.0885;0.685
6Z4KpcopszRc1Y8on7Q2fG;ブラザーズ・アンド・シスターズ;1999-01-01;ブラザーズ・アンド・シスターズ;1;1;Coldplay;2;No;04:05;-7.329;72.103;B;Minor;4/4;0.416;0.571;0.029;0.292;0.0;0.302;0.37
6Z4KpcopszRc1Y8on7Q2fG;ブラザーズ・アンド・シスターズ;1999-01-01;イージー・ツ・プリーズ;1;2;Coldplay;2;No;03:01;-16.465;74.27;A;Major;4/4;0.383;0.262;0.0315;0.739;0.144;0.362;0.15
6Z4KpcopszRc1Y8on7Q2fG;ブラザーズ・アンド・シスターズ;1999-01-01;オンリー・スーパースティション;1;3;Coldplay;2;No;03:48;-9.136;87.307;A;Minor;4/4;0.413;0.793;0.0289;0.155;6.01e-05;0.0885;0.685
